"Order","Price","LotFrontage","LotArea","LotConfig","HouseStyle","Quality","Condition","YearBuilt","YearRemodel","ExteriorQ","ExteriorC","Foundation","BasementHt","BasementC","BasementFin","BasementFinSF","BasementUnFinSF","BasementSF","Heating","HeatingQC","CentralAir","FirstSF","SecondSF","GroundSF","BasementFBath","BasementHBath","FullBath","HalfBath","Bedroom","KitchenQ","TotalRooms","Fireplaces","GarageType","GarageCars","GarageSF","GarageQ","GarageC","WoodDeckSF","OpenPorchSF","EnclosedPorchSF","ScreenPorchSF"
792,154.4,50,9350,"Inside","2Story",6,7,1946,1950,"TA","TA","CBlock","TA","TA","BLQ",342,405,747,"GasA","Ex","Y",892,747,1639,0,0,1,1,3,"Gd",6,1,"Detchd",1,240,"TA","TA",0,50,0,0
2083,150,42,7711,"Inside","1Story",4,3,1977,1977,"TA","TA","PConc","Gd","TA","GLQ",1440,0,1440,"GasA","TA","Y",1440,0,1440,2,0,2,0,4,"TA",8,0,"None",0,0,"None","None",321,0,0,0
880,293.2,85,10200,"Inside","1Story",8,5,2007,2007,"Gd","TA","PConc","Gd","TA","GLQ",1478,100,1578,"GasA","Ex","Y",1602,0,1602,1,0,2,0,3,"Gd",7,1,"Attchd",3,810,"TA","TA",0,48,0,195
1977,89.5,56,4480,"Corner","1Story",5,5,1922,1950,"TA","TA","PConc","Fa","Fa","LwQ",782,240,1022,"GasA","TA","N",1022,0,1022,1,0,1,0,2,"Fa",4,1,"Detchd",1,184,"TA","Fa",0,122,20,0
2820,127.5,38,7840,"CulDSac","SFoyer",6,5,1975,1975,"TA","TA","CBlock","Gd","TA","GLQ",976,0,976,"GasA","TA","Y",1012,0,1012,0,2,2,0,4,"TA",4,0,"None",0,0,"None","None",0,0,0,0
676,133,60,12144,"Inside","1Story",5,7,1949,1950,"Gd","TA","CBlock","TA","TA","Rec",375,457,832,"GasA","Gd","Y",1036,0,1268,0,0,1,0,3,"TA",6,1,"Attchd",1,288,"TA","TA",0,28,0,0
2772,193,0,8685,"CulDSac","1Story",7,5,1998,1998,"TA","TA","PConc","Gd","TA","GLQ",846,579,1425,"GasA","Ex","Y",1425,0,1425,1,0,2,0,3,"TA",5,0,"Attchd",2,591,"TA","TA",0,130,0,0
2801,274.3,75,9750,"Corner","2Story",7,6,1998,1998,"TA","TA","PConc","Gd","TA","GLQ",975,133,1108,"GasA","Ex","Y",1108,989,2097,1,0,2,1,3,"Gd",8,1,"Detchd",2,583,"TA","TA",253,170,0,0
907,159.434,55,4500,"Inside","1.5Fin",5,5,1932,2000,"TA","TA","BrkTil","TA","TA","Rec",182,611,793,"GasA","Ex","Y",848,672,1520,0,0,1,0,3,"TA",6,0,"Detchd",1,281,"TA","TA",0,0,56,0
707,93,50,6000,"Inside","1.5Fin",5,4,1954,1954,"TA","TA","CBlock","TA","TA","Unf",0,811,811,"GasA","TA","Y",811,576,1387,0,0,2,0,3,"Gd",7,0,"BuiltIn",1,256,"TA","TA",0,0,0,0
2285,134,44,4224,"Inside","1Story",5,5,1976,1976,"TA","TA","PConc","Gd","TA","ALQ",874,268,1142,"GasA","TA","Y",1142,0,1142,1,0,1,1,3,"TA",6,1,"Attchd",2,528,"TA","TA",536,90,0,0
2324,183.5,0,8076,"Inside","1Story",6,6,1993,1994,"TA","TA","PConc","Gd","TA","GLQ",705,455,1160,"GasA","Gd","Y",1169,0,1169,0,1,2,0,3,"TA",6,1,"Attchd",2,402,"TA","TA",0,26,0,144
2000,152,40,5400,"Corner","1Story",6,7,1926,2004,"TA","Gd","BrkTil","TA","TA","LwQ",370,779,1149,"GasA","Gd","Y",1149,467,1616,0,0,2,0,3,"Gd",5,0,"Detchd",1,216,"TA","TA",0,0,183,0
262,128.2,75,10650,"Corner","1Story",5,6,1976,1976,"TA","TA","CBlock","TA","Gd","LwQ",182,0,894,"GasA","TA","Y",894,0,894,1,0,1,0,3,"TA",5,0,"Attchd",1,308,"TA","TA",365,0,0,0
2063,143.5,71,8197,"Inside","1Story",6,5,1977,1977,"TA","TA","CBlock","TA","TA","Unf",0,660,660,"GasA","Ex","Y",1285,0,1285,0,0,1,1,3,"TA",7,1,"Attchd",2,528,"TA","TA",138,0,0,0
1425,248.5,65,9345,"Inside","1Story",8,5,2007,2007,"Gd","TA","PConc","Gd","TA","Unf",0,1615,1615,"GasA","Ex","Y",1615,0,1615,0,0,2,0,3,"Gd",7,1,"Attchd",3,864,"TA","TA",168,30,0,0
144,148,73,8760,"Inside","1Story",6,6,1959,1959,"TA","TA","CBlock","TA","TA","Unf",0,1194,1194,"GasA","TA","Y",1194,0,1194,1,0,1,0,3,"TA",6,0,"Attchd",1,312,"TA","TA",0,0,120,0
2608,159.95,85,13400,"Inside","SLvl",5,5,1966,1966,"TA","TA","CBlock","TA","TA","ALQ",516,380,1024,"GasA","TA","Y",1086,0,1086,1,0,1,0,3,"TA",6,1,"Attchd",2,484,"TA","TA",0,0,0,0
2679,88,51,6120,"Inside","1Story",5,7,1925,1950,"TA","TA","BrkTil","TA","TA","Rec",489,279,768,"GasA","TA","N",1015,0,1015,0,0,1,0,3,"TA",6,0,"Detchd",1,450,"TA","TA",0,0,112,120
1684,129.25,65,7150,"Inside","1Story",5,6,1966,1966,"TA","TA","CBlock","TA","TA","BLQ",725,263,988,"GasA","TA","Y",988,0,988,1,0,1,0,3,"TA",5,0,"Detchd",1,360,"TA","TA",0,0,0,0
200,138.4,52,6240,"Inside","1.5Fin",5,5,1930,1950,"TA","TA","BrkTil","TA","TA","LwQ",448,480,928,"GasA","TA","Y",928,608,1536,0,0,2,0,4,"TA",7,1,"Detchd",2,480,"TA","TA",0,10,0,0
1009,189,40,4671,"Inside","1Story",8,5,1988,1989,"Gd","TA","PConc","Gd","TA","GLQ",767,461,1228,"GasA","Gd","Y",1228,0,1228,1,0,2,0,2,"Gd",5,1,"Attchd",2,472,"TA","TA",168,120,0,0
2790,255,90,11367,"Corner","2Story",8,5,2002,2002,"Gd","TA","PConc","Gd","TA","GLQ",932,133,1065,"GasA","Ex","Y",1091,898,1989,1,0,2,1,3,"Gd",7,1,"Attchd",2,586,"TA","TA",199,60,0,0
35,120,24,2280,"FR2","1Story",7,6,1975,1975,"TA","TA","CBlock","Gd","TA","Unf",0,836,836,"GasA","Ex","Y",836,0,836,0,0,1,0,2,"TA",4,0,"Attchd",1,308,"TA","TA",0,30,0,0
2577,162,0,9610,"Corner","1Story",6,6,1958,1958,"TA","TA","CBlock","TA","TA","Rec",203,918,1121,"GasA","Ex","Y",1336,0,1336,0,0,1,1,3,"TA",7,1,"Attchd",2,488,"TA","TA",80,0,0,0
304,110,50,9140,"Inside","1.5Fin",6,5,1921,1975,"TA","TA","BrkTil","TA","TA","BLQ",308,321,629,"GasA","Fa","Y",727,380,1107,0,0,1,0,2,"TA",5,0,"Detchd",1,625,"TA","TA",0,56,0,200
1870,255,78,10530,"Inside","2Story",7,6,1993,1993,"Gd","TA","PConc","Gd","TA","GLQ",819,329,1148,"GasA","Ex","Y",1091,984,2075,1,0,2,1,3,"Gd",8,1,"Attchd",2,473,"TA","TA",235,86,0,0
610,177.5,0,8970,"Corner","2Story",5,6,1965,1965,"TA","Gd","CBlock","TA","TA","ALQ",388,356,744,"GasA","TA","Y",825,1315,2140,0,0,2,1,4,"TA",7,1,"Attchd",2,549,"TA","TA",0,40,264,0
2746,91.5,50,7585,"Inside","1.5Fin",5,3,1948,1950,"TA","TA","CBlock","Fa","Fa","Unf",0,810,810,"GasA","Fa","Y",1002,454,1456,1,1,1,0,4,"TA",7,1,"Detchd",1,280,"TA","TA",0,0,0,0
846,200,70,8750,"Inside","2Story",6,5,1998,1998,"TA","TA","PConc","Gd","TA","GLQ",606,322,928,"GasA","Ex","Y",928,844,1772,1,0,2,1,3,"TA",7,1,"Attchd",2,492,"TA","TA",150,96,0,0
1489,147.5,75,9937,"Inside","1Story",5,6,1965,1965,"Gd","TA","CBlock","TA","TA","BLQ",830,136,1256,"GasA","Gd","Y",1256,0,1256,1,0,1,1,3,"TA",6,0,"Attchd",1,276,"TA","TA",736,68,0,0
2005,110,76,11800,"Inside","SLvl",4,7,1949,2002,"TA","TA","Slab","None","None","None",0,0,0,"GasA","Ex","Y",1382,0,1382,0,0,2,0,1,"TA",6,1,"Attchd",1,384,"TA","TA",0,40,0,0
2445,300,83,9545,"Corner","2Story",8,5,2000,2000,"Gd","TA","PConc","Gd","TA","GLQ",505,655,1160,"GasA","Ex","Y",1205,1029,2234,1,0,2,1,3,"Gd",7,1,"BuiltIn",3,768,"TA","TA",0,50,0,0
669,163,77,11500,"Inside","1Story",6,4,1967,1967,"Fa","TA","CBlock","TA","Fa","BLQ",872,108,1040,"GasA","Gd","Y",1040,0,1040,1,0,1,0,3,"TA",6,1,"Attchd",2,480,"TA","TA",0,0,156,0
110,230,80,8000,"Inside","1Story",7,5,2002,2002,"Gd","TA","PConc","Gd","TA","GLQ",833,659,1492,"GasA","Ex","Y",1492,0,1492,1,0,2,0,3,"Gd",6,1,"Attchd",2,596,"TA","TA",277,137,0,0
324,173.5,93,10114,"Inside","1Story",5,5,2004,2005,"TA","TA","PConc","Ex","TA","Unf",0,1430,1430,"GasA","Ex","Y",1430,0,1430,0,0,2,0,3,"Gd",7,0,"Attchd",2,624,"TA","TA",0,0,0,0
17,164,152,12134,"Inside","1.5Fin",8,7,1988,2005,"Gd","TA","Wood","Gd","TA","GLQ",427,132,559,"GasA","Gd","Y",1080,672,1752,0,0,2,0,4,"TA",8,0,"Basment",2,492,"TA","TA",325,12,0,0
2397,281,86,11065,"Inside","2Story",8,5,2006,2006,"Gd","TA","PConc","Gd","TA","Unf",0,1085,1085,"GasA","Ex","Y",1120,850,1970,0,0,2,1,3,"Ex",8,1,"BuiltIn",3,753,"TA","TA",177,74,0,0
2241,152,75,13710,"Inside","1.5Fin",5,5,1950,1950,"TA","TA","CBlock","TA","TA","BLQ",420,490,910,"GasA","TA","Y",910,648,1558,0,0,1,1,4,"TA",6,0,"Attchd",1,282,"TA","TA",289,0,0,0
2212,238,60,7230,"Inside","2.5Unf",7,7,1927,1992,"TA","TA","BrkTil","TA","TA","Unf",0,851,851,"GasA","Gd","Y",867,851,1718,0,0,2,1,4,"Gd",8,1,"Detchd",2,264,"TA","TA",291,0,60,153
108,206,40,3880,"Inside","1Story",8,6,1978,1978,"Gd","TA","CBlock","Gd","TA","GLQ",1052,174,1226,"GasA","TA","Y",1226,0,1226,1,0,1,0,1,"Gd",4,1,"Attchd",2,484,"TA","TA",223,78,0,0
1303,46.5,62,7311,"Corner","1Story",2,5,1946,1950,"TA","Gd","BrkTil","TA","TA","Unf",0,407,407,"GasA","TA","N",407,0,407,0,0,1,0,1,"TA",3,0,"Detchd",1,297,"Fa","TA",76,0,120,0
951,156.45,75,9750,"Inside","SFoyer",6,6,1977,1977,"TA","TA","CBlock","TA","TA","ALQ",767,135,902,"GasA","Ex","Y",926,0,926,1,0,1,0,2,"TA",5,1,"Attchd",1,351,"TA","TA",319,0,0,0
1946,301.6,113,21281,"Inside","2Story",5,4,1935,2007,"TA","TA","BrkTil","TA","Fa","Unf",0,666,666,"GasA","Gd","Y",1308,1778,3086,0,0,3,1,4,"Gd",9,0,"BuiltIn",3,1200,"TA","TA",0,208,290,156
990,176.5,87,11029,"Corner","1Story",6,8,1958,2002,"Ex","TA","CBlock","Gd","TA","ALQ",528,245,1184,"GasA","Ex","Y",1414,0,1414,1,0,1,0,3,"TA",6,1,"Attchd",2,601,"TA","TA",0,51,0,190
1000,286,41,4923,"Inside","1Story",8,5,2001,2002,"Gd","TA","PConc","Ex","TA","GLQ",1153,440,1593,"GasA","Ex","Y",1593,0,1593,1,0,1,1,0,"Ex",5,1,"Attchd",2,682,"TA","TA",0,120,0,224
189,125.5,60,7740,"Inside","2Story",4,7,1910,1950,"TA","TA","CBlock","Fa","TA","Unf",0,622,622,"GasA","Gd","Y",741,622,1363,0,0,1,0,3,"TA",6,0,"Detchd",2,528,"TA","TA",0,0,0,168
164,166,71,8520,"Corner","1.5Fin",5,4,1952,1952,"TA","Fa","CBlock","TA","TA","Rec",507,403,910,"GasA","Fa","Y",910,475,1385,0,0,2,0,4,"TA",6,0,"Detchd",2,720,"TA","TA",0,0,0,0
510,287.09,78,9262,"Inside","1Story",8,5,2008,2009,"Gd","TA","PConc","Gd","TA","Unf",0,1573,1573,"GasA","Ex","Y",1578,0,1578,0,0,2,0,3,"Ex",7,1,"Attchd",3,840,"TA","TA",0,36,0,0
457,552,100,14836,"Inside","1Story",10,5,2004,2005,"Ex","TA","PConc","Ex","TA","GLQ",2146,346,2492,"GasA","Ex","Y",2492,0,2492,1,0,2,1,2,"Ex",8,1,"Attchd",3,949,"TA","TA",226,235,0,0
1970,187,80,9760,"Inside","2Story",6,8,1964,1993,"TA","TA","CBlock","TA","TA","BLQ",536,169,822,"GasA","Gd","Y",1020,831,1851,0,0,2,1,3,"Gd",7,1,"Attchd",2,440,"TA","TA",239,42,0,0
2144,117,60,7200,"Inside","1Story",4,8,1972,2006,"TA","Gd","CBlock","TA","TA","Rec",385,0,385,"GasA","Gd","Y",875,0,875,0,0,1,0,3,"Gd",5,0,"Detchd",2,728,"TA","TA",352,0,0,0
2714,149.5,74,7844,"Inside","2Story",6,7,1978,1978,"TA","TA","CBlock","TA","TA","ALQ",209,463,672,"GasA","TA","Y",672,728,1400,0,0,1,1,3,"TA",6,1,"Attchd",2,440,"TA","TA",0,0,0,0
2785,128.5,69,9920,"Inside","1Story",5,6,1969,1969,"TA","TA","CBlock","Gd","TA","ALQ",523,448,971,"GasA","TA","Y",971,0,971,0,0,1,1,3,"TA",5,1,"Attchd",1,300,"TA","TA",0,0,0,0
1519,136.5,60,8400,"Inside","1.5Fin",6,5,1925,1950,"TA","TA","PConc","TA","TA","Rec",423,758,1181,"GasA","Fa","Y",1390,304,1694,0,0,2,0,4,"TA",7,1,"Detchd",2,576,"TA","TA",342,0,128,0
959,224.5,83,13159,"Corner","2Story",7,5,2009,2009,"TA","TA","PConc","Ex","TA","Unf",0,846,846,"GasA","Gd","Y",846,846,1692,0,0,2,1,3,"Gd",6,0,"Attchd",2,650,"TA","TA",208,114,0,0
1176,170,24,2645,"Inside","2Story",8,5,1999,1999,"Gd","TA","PConc","Gd","TA","GLQ",612,348,960,"GasA","Ex","Y",962,624,1586,1,0,2,1,3,"Gd",7,0,"Detchd",2,480,"TA","TA",169,0,0,0
2833,130,32,3363,"Inside","2Story",7,5,2004,2004,"Gd","TA","PConc","Gd","TA","Unf",0,976,976,"GasA","Ex","Y",976,732,1708,0,0,2,0,3,"Gd",7,0,"Detchd",2,380,"TA","TA",0,40,0,0
2794,275,0,14781,"CulDSac","1Story",8,5,2001,2002,"Gd","TA","PConc","Gd","TA","Unf",0,1753,1753,"GasA","Ex","Y",1787,0,1787,0,0,2,0,3,"Gd",7,1,"Attchd",3,748,"TA","TA",198,150,0,0
2226,123.9,24,1782,"Inside","2Story",6,6,1980,1980,"TA","Gd","CBlock","Gd","TA","GLQ",330,186,516,"GasA","Gd","Y",529,516,1045,0,0,1,0,2,"TA",5,1,"Detchd",2,462,"TA","TA",180,0,0,0
1819,120.75,64,6285,"Inside","1Story",5,5,1977,1977,"TA","TA","CBlock","Gd","TA","LwQ",138,405,894,"GasA","TA","Y",894,0,894,1,0,1,0,2,"TA",5,0,"Detchd",1,308,"TA","TA",192,0,0,0
1981,130,60,7200,"Inside","1Story",5,8,1940,1950,"TA","TA","CBlock","TA","TA","Unf",0,808,808,"GasA","Ex","Y",1072,0,1072,0,0,1,0,2,"TA",5,2,"Detchd",2,379,"TA","TA",0,0,0,0
889,159.5,75,7950,"Corner","2Story",6,6,1977,1977,"TA","TA","CBlock","TA","TA","BLQ",535,155,690,"GasA","TA","Y",698,728,1426,0,0,1,1,3,"TA",6,0,"Attchd",2,440,"TA","TA",252,0,0,0
1651,195,0,12046,"Inside","2Story",6,6,1976,1976,"TA","TA","CBlock","TA","TA","LwQ",156,692,848,"GasA","TA","Y",1118,912,2030,0,0,2,1,4,"Gd",8,1,"Attchd",2,551,"TA","TA",0,224,0,0
822,332,65,10816,"Inside","1Story",9,5,2008,2008,"Ex","TA","PConc","Ex","TA","GLQ",1104,616,1720,"GasA","Ex","Y",1720,0,1720,1,0,2,0,3,"Ex",8,1,"Attchd",3,846,"TA","TA",208,104,0,0
2015,132,52,6240,"Inside","1.5Fin",5,8,1939,1952,"TA","Gd","BrkTil","TA","TA","Rec",48,624,672,"GasA","Ex","Y",899,423,1322,1,0,1,0,4,"TA",7,0,"Detchd",1,280,"TA","TA",0,0,0,0
1272,125.9,80,8000,"Inside","1Story",5,5,1962,1962,"TA","TA","CBlock","TA","TA","BLQ",520,188,1027,"GasA","TA","Y",1027,0,1027,0,1,1,0,3,"TA",6,0,"Attchd",1,299,"TA","TA",0,0,0,0
1979,99.9,56,3153,"Inside","1Story",5,6,1920,1990,"TA","TA","BrkTil","TA","TA","Unf",0,967,967,"GasA","Gd","Y",967,0,967,0,0,1,0,2,"TA",5,1,"Detchd",1,180,"Fa","TA",0,0,26,0
798,105,60,9060,"Inside","1.5Fin",6,5,1939,1950,"TA","TA","BrkTil","TA","TA","Rec",204,356,560,"GasA","TA","Y",698,560,1258,0,0,1,0,2,"TA",6,0,"Detchd",1,280,"TA","TA",0,0,0,0
1833,302,0,9572,"Inside","2Story",8,5,1990,1990,"Gd","TA","PConc","Ex","TA","GLQ",482,971,1453,"GasA","Ex","Y",1453,1357,2810,0,0,2,1,4,"Gd",9,1,"Attchd",2,750,"Gd","Gd",500,0,0,0
2097,383.97,77,9965,"Inside","2Story",7,5,2007,2007,"Gd","TA","PConc","Ex","TA","GLQ",984,280,1264,"GasA","Ex","Y",1282,1414,2696,1,0,2,1,4,"Ex",10,1,"BuiltIn",3,792,"TA","TA",120,184,0,168
2682,110,51,6120,"Inside","1.5Fin",5,7,1930,1984,"TA","Gd","BrkTil","TA","TA","Unf",0,741,741,"GasA","Gd","Y",741,583,1324,0,0,1,0,3,"Gd",7,0,"Detchd",1,180,"Fa","TA",0,0,55,0
540,159,63,13072,"Inside","1Story",7,5,2004,2005,"Gd","TA","PConc","Gd","TA","Unf",0,1114,1114,"GasA","Ex","Y",1114,0,1114,0,0,1,1,3,"Gd",6,0,"Detchd",2,576,"TA","TA",248,102,0,0
2425,225,0,3072,"Inside","1Story",7,5,2004,2004,"Gd","TA","PConc","Gd","TA","GLQ",1059,306,1365,"GasA","Ex","Y",1548,0,1548,1,0,2,0,2,"Gd",7,1,"Attchd",2,388,"TA","TA",143,20,0,0
2153,275,0,12728,"Inside","2Story",8,5,2001,2001,"Gd","TA","PConc","Gd","TA","GLQ",1198,333,1531,"GasA","Ex","Y",1531,908,2439,1,0,2,1,4,"Gd",7,1,"Attchd",2,560,"TA","TA",184,121,0,0
1825,145,84,7476,"Corner","1Story",5,7,1968,1968,"TA","TA","CBlock","TA","TA","Rec",812,228,1040,"GasA","TA","Y",1040,0,1040,1,0,1,1,3,"TA",5,0,"Detchd",2,686,"TA","TA",188,0,0,0
496,403,174,15138,"Inside","2Story",8,5,1995,1996,"Gd","TA","PConc","Gd","TA","GLQ",689,773,1462,"GasA","Ex","Y",1490,1304,2794,1,0,2,1,4,"Ex",9,1,"Attchd",3,810,"TA","TA",0,146,202,0
91,190,107,10186,"Inside","2Story",7,5,1992,1992,"Gd","TA","PConc","Gd","TA","GLQ",674,76,750,"GasA","Ex","Y",1061,862,1923,1,0,2,1,3,"Gd",8,1,"Attchd",2,564,"TA","TA",240,39,0,0
2358,181,78,10140,"Inside","1Story",6,6,1974,1999,"TA","TA","CBlock","TA","TA","ALQ",663,0,1040,"GasA","Fa","Y",1309,0,1309,1,0,1,1,3,"Gd",5,1,"Attchd",2,484,"TA","TA",265,0,0,0
2230,200.624,0,32668,"CulDSac","1Story",6,3,1957,1975,"Gd","TA","PConc","TA","TA","Rec",1219,816,2035,"GasA","TA","Y",2515,0,2515,1,0,3,0,4,"TA",9,2,"Attchd",2,484,"TA","TA",0,0,200,0
190,122.5,60,11340,"Inside","2Story",4,6,1885,1950,"TA","TA","PConc","TA","TA","Unf",0,777,777,"GasA","Gd","Y",1246,1044,2290,0,0,2,0,4,"TA",11,0,"Detchd",2,560,"TA","TA",0,0,114,0
2684,89,50,6000,"Inside","1Story",5,7,1921,1950,"TA","TA","CBlock","TA","TA","LwQ",616,0,616,"GasA","Gd","Y",616,0,616,0,0,1,0,2,"TA",4,0,"Detchd",1,205,"TA","TA",0,0,129,0
1416,125,68,10880,"Inside","1Story",5,5,1950,1950,"TA","TA","CBlock","TA","TA","ALQ",1040,124,1164,"GasW","TA","N",1164,0,1164,1,0,1,0,3,"TA",5,0,"Detchd",1,240,"TA","TA",0,48,0,0
998,177.9,53,14137,"Inside","1Story",5,5,1996,1997,"Gd","TA","PConc","Gd","TA","GLQ",450,898,1348,"GasA","Gd","Y",1384,0,1384,1,0,2,0,3,"Gd",7,0,"Attchd",2,404,"TA","TA",0,39,0,0
2432,183.2,0,7861,"Inside","2Story",6,5,2002,2003,"Gd","TA","PConc","Gd","TA","GLQ",457,326,783,"GasA","Ex","Y",807,702,1509,1,0,2,1,3,"Gd",7,1,"Attchd",2,393,"TA","TA",100,75,0,0
242,308.03,44,17485,"Inside","1Story",7,5,2009,2010,"Gd","TA","PConc","Gd","TA","GLQ",1346,162,1508,"GasA","Ex","Y",1508,0,1508,1,0,1,0,1,"Gd",5,2,"Attchd",2,572,"TA","TA",0,0,0,0
161,242,96,11275,"Corner","SLvl",7,7,1967,2007,"Gd","Gd","CBlock","Gd","TA","Unf",0,710,710,"GasA","Ex","Y",1898,1080,2978,0,0,2,1,5,"Gd",11,1,"BuiltIn",2,564,"TA","TA",240,0,0,0
885,108,67,8777,"Inside","1Story",4,5,1949,2003,"TA","TA","CBlock","None","None","None",0,0,0,"GasA","Ex","Y",1126,0,1126,0,0,2,0,2,"Gd",5,0,"Detchd",2,520,"TA","TA",0,96,0,0
1363,120,0,10320,"Inside","1.5Fin",5,6,1915,1978,"TA","Fa","BrkTil","TA","Fa","Unf",0,880,880,"GasA","Gd","Y",880,428,1308,0,0,2,0,2,"TA",6,0,"Detchd",2,400,"Fa","Fa",0,0,117,0
2353,172,0,9927,"Inside","SFoyer",7,5,1976,1976,"Gd","TA","CBlock","Ex","TA","GLQ",1005,42,1047,"GasA","TA","Y",1083,0,1083,1,0,1,0,2,"TA",5,1,"Attchd",2,596,"TA","TA",444,0,40,0
647,164.9,75,14559,"Inside","1Story",5,7,1951,2000,"Gd","TA","CBlock","TA","TA","BLQ",650,178,1008,"GasA","Ex","Y",1363,0,1363,1,0,1,0,2,"TA",6,2,"CarPort",1,288,"TA","TA",324,42,0,168
1215,140,90,9900,"Corner","1Story",5,5,1961,1961,"TA","Gd","CBlock","TA","TA","Unf",0,1114,1114,"GasA","TA","Y",1114,0,1114,1,0,1,0,3,"TA",5,0,"Attchd",2,451,"TA","TA",0,0,0,164
2655,120,56,9576,"Inside","1.5Fin",6,7,1945,1950,"TA","TA","CBlock","Fa","TA","Rec",310,460,770,"GasA","TA","Y",885,297,1182,0,0,1,1,3,"TA",5,0,"Detchd",1,378,"Fa","TA",0,0,0,0
762,88.75,50,4280,"Inside","1Story",4,9,1946,2001,"TA","Gd","CBlock","Fa","TA","Unf",0,560,560,"GasA","Ex","Y",704,0,704,0,1,1,0,2,"Fa",4,0,"CarPort",1,220,"TA","TA",0,0,24,0
418,128.5,24,2104,"Inside","1Story",7,6,1976,1976,"TA","TA","CBlock","TA","TA","ALQ",536,300,836,"GasA","TA","Y",836,0,836,0,1,1,0,2,"TA",5,0,"Attchd",1,345,"TA","TA",150,20,0,0
2152,228,73,11927,"Inside","1Story",8,5,1994,1995,"Gd","TA","PConc","Gd","TA","BLQ",408,683,1556,"GasA","Ex","Y",1592,0,1592,0,0,2,0,3,"Gd",7,1,"Attchd",2,484,"TA","TA",120,35,0,0
2162,213.5,79,9245,"Inside","2Story",7,5,2006,2006,"Gd","TA","PConc","Gd","TA","Unf",0,939,939,"GasA","Ex","Y",939,858,1797,0,0,2,1,3,"Gd",8,0,"Attchd",2,639,"TA","TA",144,53,0,0
463,173,48,3480,"Inside","1Story",7,5,2003,2003,"Gd","TA","PConc","Gd","TA","Unf",0,1405,1405,"GasA","Ex","Y",1405,0,1405,0,0,2,0,2,"Gd",6,1,"Attchd",2,478,"TA","TA",148,36,0,0
26,142,65,8450,"Inside","1Story",5,6,1968,1968,"TA","TA","CBlock","TA","TA","BLQ",775,281,1056,"GasA","Ex","Y",1056,0,1056,1,0,1,0,3,"TA",6,1,"Attchd",1,304,"TA","TA",0,85,184,0
2249,156,0,7540,"CulDSac","SFoyer",6,6,1978,1978,"TA","TA","CBlock","Gd","TA","GLQ",773,115,888,"GasA","Ex","Y",912,0,912,1,0,1,0,2,"TA",5,1,"Attchd",2,470,"TA","TA",0,0,0,192
1357,160,57,8094,"Inside","2.5Unf",6,8,1910,1983,"TA","TA","PConc","TA","TA","Rec",196,1046,1242,"GasA","Gd","Y",1242,742,1984,0,0,2,0,5,"TA",8,0,"Detchd",1,360,"TA","TA",64,0,180,0
432,451.95,97,13478,"Corner","2Story",10,5,2008,2008,"Ex","TA","PConc","Ex","TA","GLQ",1338,384,1722,"GasA","Ex","Y",1728,568,2296,1,0,2,1,3,"Ex",10,1,"BuiltIn",3,842,"TA","TA",382,274,0,0
1112,214,86,14598,"CulDSac","2Story",6,5,2007,2007,"Gd","TA","PConc","Gd","TA","Unf",0,894,894,"GasA","Ex","Y",894,1039,1933,0,0,2,1,4,"Gd",9,1,"BuiltIn",3,668,"TA","TA",100,18,0,0
1041,100,21,1680,"Inside","2Story",6,5,1973,1973,"TA","TA","CBlock","TA","TA","BLQ",330,153,483,"GasA","TA","Y",483,504,987,1,0,1,1,2,"TA",5,0,"Detchd",1,264,"TA","TA",0,0,0,0
1342,79,99,5940,"FR3","1Story",4,7,1946,1950,"TA","TA","PConc","0","0","0",0,0,0,"GasA","TA","Y",896,0,896,0,0,1,0,2,"TA",4,0,"Detchd",1,280,"TA","TA",0,0,0,0
2411,169.99,65,10237,"Inside","1Story",6,5,2005,2006,"Gd","TA","PConc","Gd","TA","GLQ",28,1288,1316,"GasA","Ex","Y",1316,0,1316,0,0,2,0,3,"Gd",6,1,"Attchd",2,397,"TA","TA",100,0,0,0
271,232,48,10635,"FR2","1Story",8,5,2003,2003,"Gd","TA","PConc","Gd","TA","BLQ",370,315,1657,"GasA","Ex","Y",1668,0,1668,1,0,2,0,3,"Gd",8,1,"Attchd",2,502,"TA","TA",0,262,0,0
737,132.5,50,6000,"Inside","1.5Fin",6,6,1939,1950,"TA","Fa","CBlock","TA","TA","Unf",0,780,780,"GasA","Ex","Y",825,587,1412,0,0,1,0,4,"TA",6,1,"Detchd",1,280,"TA","TA",45,0,0,0
1070,336.86,58,10110,"Inside","1Story",9,5,2008,2008,"Ex","TA","PConc","Gd","TA","GLQ",372,1486,1858,"GasA","Ex","Y",1866,0,1866,1,0,2,0,2,"Ex",7,1,"Attchd",3,870,"TA","TA",0,48,0,0
2021,102,60,6180,"Corner","1Story",6,5,1926,1950,"TA","TA","BrkTil","TA","TA","Unf",0,960,960,"GasA","TA","N",986,0,986,0,0,1,0,2,"TA",5,1,"Detchd",1,180,"TA","TA",0,128,0,0
2141,112.5,70,7700,"Corner","1Story",5,5,1972,1972,"TA","TA","CBlock","TA","TA","LwQ",138,276,882,"GasA","TA","Y",882,0,882,1,0,1,0,3,"TA",5,0,"Detchd",2,461,"TA","TA",96,0,0,0
658,114,80,8146,"Corner","2Story",4,8,1900,2003,"Gd","Gd","BrkTil","Fa","TA","Unf",0,405,405,"GasA","Gd","Y",717,322,1039,0,0,1,0,2,"TA",6,0,"Detchd",1,281,"TA","TA",0,0,168,111
2673,202.5,69,11737,"Inside","2Story",6,7,1924,1996,"TA","TA","BrkTil","TA","TA","Unf",0,848,848,"GasW","TA","N",1017,810,1827,0,0,1,0,2,"TA",9,1,"Detchd",1,240,"Fa","TA",27,36,42,0
1255,89.9,60,10122,"Inside","1Story",4,6,1948,1950,"TA","TA","Slab","None","None","None",0,0,0,"GasA","TA","N",869,0,869,0,0,1,0,1,"TA",3,0,"Detchd",1,390,"Fa","TA",0,0,66,0
2192,125,60,8172,"Inside","1Story",4,5,1955,1955,"TA","TA","CBlock","TA","TA","BLQ",544,224,768,"GasA","TA","Y",768,0,768,0,0,1,0,2,"TA",4,1,"Detchd",1,355,"TA","TA",0,0,196,0
618,175,90,9900,"Inside","1Story",6,5,1967,1967,"Gd","TA","CBlock","TA","TA","Rec",1173,507,1680,"GasA","TA","Y",1691,0,1691,1,0,1,0,2,"TA",5,0,"Attchd",2,550,"Gd","TA",0,67,260,0
2173,110,80,8240,"Inside","1Story",6,6,1960,1960,"TA","TA","CBlock","TA","TA","Unf",0,1179,1179,"GasA","Gd","Y",1179,0,1179,0,0,1,0,2,"TA",5,0,"Attchd",2,622,"TA","TA",0,0,0,0
736,117,50,6000,"Corner","1.5Fin",5,8,1925,1997,"TA","TA","BrkTil","TA","TA","Unf",0,884,884,"GasA","Ex","Y",884,464,1348,1,0,1,0,3,"TA",5,1,"Detchd",1,216,"TA","TA",0,0,208,0
2030,117,40,5680,"Inside","1.5Fin",5,3,1901,1950,"TA","TA","CBlock","TA","TA","Unf",0,969,969,"GasA","TA","N",969,245,1214,0,0,1,0,2,"TA",6,0,"Detchd",1,216,"TA","TA",0,0,77,0
1074,266,63,8849,"Inside","1Story",9,5,2005,2005,"Ex","TA","PConc","Ex","TA","GLQ",28,1656,1684,"GasA","Ex","Y",1684,0,1684,0,0,2,0,2,"Ex",6,1,"Attchd",2,564,"TA","TA",495,72,0,0
2745,93,77,8335,"Corner","1Story",5,5,1954,1954,"TA","TA","Slab","None","None","None",0,0,0,"GasA","Gd","Y",1124,0,1124,0,0,1,0,3,"TA",5,1,"None",0,0,"None","None",0,36,190,0
1394,140,85,13825,"Inside","SLvl",5,6,1958,1987,"TA","Gd","CBlock","TA","TA","Unf",0,533,533,"GasA","TA","Y",1021,580,1601,0,1,1,0,3,"TA",6,0,"BuiltIn",1,300,"TA","TA",280,34,0,0
1406,155,85,10452,"Inside","1Story",6,5,1953,1953,"TA","TA","CBlock","TA","TA","Rec",500,594,1094,"GasA","Ex","Y",1094,0,1094,0,0,1,0,3,"TA",5,2,"Attchd",2,495,"TA","TA",0,0,0,287
2022,200,47,7755,"Inside","2Story",6,8,1918,1995,"TA","Gd","CBlock","TA","TA","Unf",0,1100,1100,"GasA","Ex","Y",1100,1164,2264,0,0,2,1,4,"TA",8,0,"Detchd",1,408,"TA","TA",0,152,0,0
1028,292.5,0,12511,"Corner","2Story",7,7,1978,1978,"Gd","TA","PConc","Gd","TA","ALQ",988,432,1420,"GasA","Ex","Y",1420,1420,2840,0,1,2,1,4,"Gd",8,2,"Attchd",4,1314,"TA","Gd",0,16,0,208
1030,159.9,80,10400,"Inside","1Story",6,5,1976,1976,"TA","TA","CBlock","TA","TA","Unf",0,1444,1444,"GasA","TA","Y",1444,0,1444,0,0,2,0,2,"TA",5,1,"Attchd",2,473,"TA","TA",0,24,0,0
408,119.5,21,1680,"Inside","2Story",5,7,1972,1972,"TA","TA","CBlock","TA","TA","ALQ",231,399,630,"GasA","TA","Y",630,672,1302,0,0,2,1,3,"TA",6,0,"Detchd",1,264,"TA","TA",185,0,0,0
2538,124.4,0,9759,"Inside","1Story",5,5,1966,1966,"TA","TA","CBlock","TA","TA","BLQ",799,252,1051,"GasA","TA","Y",1051,0,1051,1,0,1,0,3,"TA",6,0,"Attchd",1,264,"TA","TA",182,88,0,0
2697,84.5,60,6780,"Inside","1.5Fin",6,8,1935,1982,"TA","Fa","CBlock","TA","TA","GLQ",490,30,520,"GasA","Gd","N",520,0,754,1,0,1,0,2,"TA",5,0,"None",0,0,"None","None",53,0,0,0
2201,175,60,7200,"Corner","1.5Fin",5,7,1937,1950,"TA","TA","BrkTil","Gd","TA","ALQ",569,162,731,"GasA","Ex","Y",981,787,1768,1,0,1,1,3,"Gd",7,2,"Detchd",1,240,"TA","TA",0,0,264,0
88,133,75,7500,"Corner","1Story",5,5,1963,1963,"TA","TA","CBlock","TA","TA","ALQ",824,216,1040,"GasA","Fa","Y",1040,0,1040,1,0,1,1,3,"TA",5,0,"Attchd",1,308,"TA","TA",0,0,220,0
208,140,76,7630,"Inside","2Story",5,9,1900,1996,"TA","Gd","BrkTil","Gd","TA","Unf",0,360,360,"GasA","Gd","Y",1032,780,1812,0,0,2,0,4,"Gd",8,1,"Detchd",2,672,"TA","TA",344,0,40,0
1281,140,71,7056,"Inside","2Story",6,5,1963,1963,"TA","TA","CBlock","TA","TA","BLQ",400,380,780,"GasA","TA","Y",983,813,1796,1,0,1,1,4,"TA",8,1,"Attchd",2,483,"TA","TA",0,50,0,0
2703,125,55,8250,"Inside","1Story",5,7,1935,1950,"TA","TA","Slab","None","None","None",0,0,0,"GasA","TA","N",1032,0,1032,0,0,1,0,2,"TA",6,1,"Detchd",1,260,"TA","TA",0,0,121,0
1141,163,50,8480,"Inside","2Story",6,5,1993,1994,"Gd","TA","PConc","Gd","TA","GLQ",602,284,886,"GasA","Ex","Y",886,794,1680,0,1,2,1,3,"Gd",7,0,"Attchd",2,474,"TA","TA",144,96,0,0
2669,125,65,9750,"Inside","1Story",5,5,1958,1958,"TA","TA","CBlock","TA","TA","Unf",0,960,960,"GasA","Ex","Y",960,0,960,0,0,1,0,3,"TA",5,0,"Detchd",2,624,"TA","TA",0,0,0,0
1655,192.35,80,10400,"Inside","1Story",6,5,1979,1999,"TA","TA","CBlock","Gd","TA","GLQ",903,356,1259,"GasA","Ex","Y",1353,0,1353,1,0,2,0,2,"TA",5,1,"Attchd",2,478,"TA","TA",240,141,0,0
1095,184,60,15384,"Inside","2Story",7,5,2004,2005,"Gd","TA","PConc","Gd","TA","GLQ",724,64,788,"GasA","Ex","Y",788,702,1490,1,0,2,1,3,"Gd",8,1,"Attchd",2,388,"TA","TA",100,75,0,0
98,149.5,24,2544,"Inside","2Story",7,5,2004,2005,"Gd","TA","PConc","Gd","TA","GLQ",368,190,600,"GasA","Ex","Y",600,600,1200,1,0,2,1,2,"Gd",4,0,"Detchd",2,480,"TA","TA",0,172,0,0
1318,128,35,6300,"Inside","2.5Unf",6,6,1914,2001,"TA","TA","CBlock","TA","TA","Unf",0,742,742,"GasA","Ex","Y",742,742,1484,0,0,2,0,3,"TA",9,1,"None",0,0,"None","None",0,291,134,0
1904,64,51,3500,"Inside","1.5Fin",3,5,1945,1950,"TA","TA","CBlock","TA","TA","LwQ",144,226,370,"GasA","TA","N",442,228,670,1,0,1,0,2,"Fa",4,0,"None",0,0,"None","None",0,21,0,0
2900,312.5,85,14331,"Inside","1Story",8,5,2002,2002,"Gd","TA","PConc","Ex","TA","GLQ",1274,526,1800,"GasA","Ex","Y",1800,0,1800,1,0,2,0,3,"Gd",7,1,"Attchd",3,765,"TA","TA",270,78,0,0
1004,181,100,10839,"Corner","2Story",6,5,1997,1998,"TA","TA","PConc","Gd","TA","Unf",0,926,926,"GasA","Ex","Y",926,678,1604,0,0,2,1,3,"TA",7,1,"Attchd",2,470,"TA","TA",0,36,0,0
606,167,100,10004,"Inside","1Story",6,6,1964,1964,"TA","TA","CBlock","TA","TA","Rec",196,975,1516,"GasA","TA","Y",1516,0,1516,0,0,1,1,3,"TA",6,0,"Attchd",2,472,"TA","TA",0,0,0,152
2537,140,70,8400,"Inside","SFoyer",5,6,1968,1968,"TA","TA","CBlock","Gd","TA","GLQ",744,89,833,"GasA","Gd","Y",898,0,898,1,0,1,0,3,"TA",6,0,"Attchd",1,326,"TA","TA",143,0,0,0
2628,119,75,8512,"Corner","1Story",5,5,1960,1960,"TA","TA","CBlock","TA","Fa","Unf",0,1556,1556,"GasA","TA","Y",1556,0,1556,0,0,2,0,4,"TA",8,0,"None",0,0,"None","None",0,0,0,0
665,106,60,10800,"Inside","1Story",5,7,1920,1950,"TA","TA","BrkTil","TA","TA","Unf",0,720,720,"GasA","TA","N",846,0,846,0,0,1,0,2,"Gd",4,0,"Detchd",2,576,"TA","TA",0,0,0,0
634,149.5,66,9240,"Inside","1Story",6,8,1959,1998,"Gd","TA","CBlock","TA","TA","ALQ",708,280,988,"GasA","TA","Y",988,0,988,1,0,2,0,3,"Gd",6,0,"Attchd",1,297,"TA","TA",156,0,0,0
2132,217.5,0,8826,"Inside","2Story",7,5,2000,2000,"Gd","TA","PConc","Gd","TA","GLQ",841,144,985,"GasA","Ex","Y",985,857,1842,1,0,2,1,3,"Gd",7,1,"Attchd",2,486,"TA","TA",193,96,0,0
2791,222,0,9930,"Inside","2Story",7,5,2002,2002,"Gd","TA","PConc","Gd","TA","GLQ",456,370,826,"GasA","Ex","Y",878,884,1762,0,0,2,1,3,"Gd",6,0,"Attchd",2,591,"TA","TA",320,54,0,0
1469,136.5,37,4435,"Inside","1Story",6,5,2003,2003,"Gd","TA","PConc","Gd","TA","GLQ",686,162,848,"GasA","Ex","Y",848,0,848,1,0,1,0,1,"Gd",3,0,"Attchd",2,420,"TA","TA",140,0,0,0
2059,115,86,8665,"Inside","1Story",5,5,1968,1968,"TA","TA","CBlock","TA","TA","Rec",168,420,876,"GasA","TA","Y",897,0,897,0,0,1,0,3,"TA",5,0,"Attchd",1,264,"TA","TA",0,0,0,0
44,214,70,10171,"Inside","1Story",7,5,2004,2004,"Gd","TA","PConc","Gd","TA","GLQ",2,1515,1517,"GasA","Ex","Y",1535,0,1535,0,0,2,0,3,"Gd",7,0,"Attchd",2,532,"TA","TA",0,0,0,0
2013,113,51,6120,"Inside","1.5Unf",5,7,1939,1950,"Gd","TA","BrkTil","TA","TA","Unf",0,884,884,"GasA","Ex","Y",884,0,884,0,0,1,0,2,"TA",5,0,"Detchd",1,240,"TA","TA",0,0,136,0
2521,190,40,3874,"Inside","1Story",8,5,1980,1980,"Gd","TA","CBlock","Gd","TA","GLQ",807,419,1226,"GasA","TA","Y",1226,0,1226,1,0,1,0,1,"Gd",4,1,"Attchd",2,484,"TA","TA",133,78,0,0
1571,228.95,0,164660,"Corner","1.5Fin",5,6,1965,1965,"TA","TA","CBlock","TA","TA","ALQ",1249,103,1499,"GasA","Ex","Y",1619,167,1786,2,0,2,0,3,"TA",7,2,"Attchd",2,529,"TA","TA",670,0,0,0
1726,221.37,48,6240,"Inside","1Story",8,5,2006,2006,"Gd","TA","PConc","Gd","TA","GLQ",24,1300,1324,"GasA","Ex","Y",1324,0,1324,0,0,2,0,2,"Gd",6,1,"Attchd",2,550,"TA","TA",0,38,0,0
591,167.9,80,9650,"Inside","1Story",6,5,1977,1977,"TA","TA","CBlock","Gd","TA","ALQ",686,664,1350,"GasA","TA","Y",1334,0,1334,0,1,2,0,2,"TA",6,1,"Attchd",2,630,"TA","TA",0,16,0,0
2027,140,0,5700,"Corner","2Story",7,6,1929,1990,"TA","TA","BrkTil","TA","TA","Rec",336,336,672,"GasA","Gd","N",672,672,1344,1,0,1,1,3,"Gd",6,1,"Attchd",2,456,"TA","TA",0,0,70,0
753,104,92,5520,"Corner","2.5Fin",6,6,1912,1950,"TA","TA","CBlock","TA","TA","Unf",0,755,755,"GasA","Ex","Y",929,929,2229,0,0,1,0,5,"TA",8,0,"None",0,0,"None","None",0,198,30,0
40,290.941,94,12883,"Corner","1Story",8,5,2009,2010,"Gd","TA","PConc","Gd","TA","Unf",0,1544,1544,"GasA","Ex","Y",1544,0,1544,0,0,2,0,3,"Gd",7,0,"Attchd",3,868,"TA","TA",0,35,0,0
1145,175,75,8285,"Corner","2Story",7,5,1992,1992,"Gd","TA","PConc","Gd","TA","GLQ",397,439,836,"GasA","Gd","Y",844,893,1737,0,1,2,1,3,"Gd",7,0,"Attchd",2,506,"TA","TA",192,85,0,0
265,272,0,11423,"Inside","1Story",8,5,2001,2002,"Gd","TA","PConc","Gd","TA","GLQ",1358,223,1581,"GasA","Ex","Y",1601,0,1601,1,0,2,0,3,"Gd",6,1,"Attchd",2,670,"TA","TA",180,0,0,0
2765,190,0,36500,"Inside","1Story",5,5,1964,1964,"TA","Gd","CBlock","TA","TA","Rec",812,812,1624,"GasA","Fa","Y",1582,0,1582,0,1,2,0,4,"TA",7,0,"Attchd",2,390,"TA","TA",168,198,0,0
2858,140,60,9550,"Corner","2Story",7,5,1915,1970,"TA","TA","BrkTil","TA","Gd","ALQ",216,540,756,"GasA","Gd","Y",961,756,1717,1,0,1,0,3,"Gd",7,1,"Detchd",3,642,"TA","TA",0,35,272,0
2852,149,69,4899,"Corner","2Story",6,8,1920,1950,"TA","TA","PConc","TA","TA","BLQ",305,450,755,"GasA","Ex","Y",755,755,1510,0,0,1,0,3,"TA",6,0,"Detchd",1,216,"TA","TA",0,0,164,0
1140,182,65,8453,"Inside","2Story",6,5,1995,1995,"Gd","TA","PConc","Gd","TA","GLQ",362,392,754,"GasA","Ex","Y",754,855,1609,0,0,2,1,3,"Gd",6,0,"Attchd",2,525,"TA","TA",0,70,0,0
5,189.9,74,13830,"Inside","2Story",5,5,1997,1998,"TA","TA","PConc","Gd","TA","GLQ",791,137,928,"GasA","Gd","Y",928,701,1629,0,0,2,1,3,"TA",6,1,"Attchd",2,482,"TA","TA",212,34,0,0
2732,190,0,5271,"Inside","1Story",7,5,1986,1986,"TA","TA","PConc","Gd","TA","GLQ",1082,371,1453,"GasA","Gd","Y",1453,0,1453,1,0,1,1,2,"Gd",6,1,"Attchd",2,445,"TA","TA",0,80,0,184
1178,345,36,3951,"Inside","2Story",10,5,1998,1999,"Ex","TA","PConc","Gd","TA","BLQ",128,0,970,"GasA","Ex","Y",1469,924,2393,1,0,2,1,2,"Ex",7,1,"Attchd",2,846,"TA","TA",0,90,0,94
261,161.75,0,10900,"FR2","2Story",6,7,1977,1977,"TA","TA","CBlock","Gd","TA","GLQ",378,311,689,"GasA","Ex","Y",689,703,1392,0,0,1,1,3,"TA",6,0,"Attchd",1,299,"TA","TA",0,36,0,0
1831,171,0,16647,"CulDSac","SFoyer",5,5,1975,1981,"TA","TA","CBlock","Gd","TA","ALQ",1390,0,1390,"GasA","TA","Y",1701,0,1701,1,0,2,0,3,"TA",6,2,"Basment",2,611,"TA","TA",0,0,0,0
639,144,80,10400,"Corner","1Story",4,5,1956,1956,"TA","TA","CBlock","TA","TA","Rec",155,295,1200,"GasA","TA","Y",1200,0,1200,1,0,1,0,3,"TA",6,2,"Attchd",1,294,"TA","TA",0,189,140,0
1935,134.5,66,8923,"Inside","1Story",5,7,1953,2006,"TA","TA","CBlock","TA","TA","BLQ",643,365,1008,"GasA","Gd","Y",1008,0,1008,1,0,1,0,2,"Gd",6,0,"Attchd",1,240,"TA","TA",0,18,0,0
2627,93.5,60,8544,"Inside","1Story",3,4,1950,1950,"TA","TA","CBlock","None","None","None",0,0,0,"GasA","Gd","N",1040,0,1040,0,0,2,0,2,"TA",6,0,"Detchd",2,400,"TA","TA",0,0,0,0
1613,167,85,10628,"Inside","1Story",7,5,1970,1970,"TA","Gd","CBlock","TA","Gd","GLQ",778,499,1277,"GasA","TA","Y",1277,0,1277,1,0,1,0,2,"TA",5,1,"Attchd",2,526,"TA","TA",0,0,0,176
1428,228,59,11228,"CulDSac","2Story",7,5,1993,1993,"Gd","TA","PConc","Gd","TA","BLQ",50,499,1080,"GasA","Ex","Y",1080,1017,2097,0,1,2,1,3,"Gd",9,1,"Attchd",3,678,"TA","TA",196,187,0,0
2557,79.9,52,5825,"Inside","1Story",4,5,1926,1953,"TA","Gd","PConc","Fa","TA","Unf",0,600,600,"GasA","Gd","Y",747,0,747,0,0,1,0,1,"TA",5,0,"Detchd",2,528,"TA","TA",0,0,32,0
927,144.8,70,9100,"Inside","1Story",5,6,1954,1954,"TA","Gd","BrkTil","TA","TA","Rec",154,264,1112,"GasA","Ex","Y",1112,0,1112,1,0,1,0,2,"TA",6,1,"Attchd",1,390,"TA","TA",0,0,0,0
1082,219.99,0,3940,"Inside","1Story",7,5,2004,2004,"Gd","TA","PConc","Gd","TA","GLQ",1087,306,1393,"GasA","Ex","Y",1576,0,1576,1,0,2,0,2,"Gd",7,1,"Attchd",3,668,"TA","TA",143,20,0,0
192,128.5,53,5830,"Corner","1.5Fin",5,6,1950,1997,"TA","Gd","CBlock","TA","TA","Rec",788,200,988,"GasA","Ex","Y",1030,582,1612,0,0,1,1,3,"TA",7,0,"Detchd",1,363,"TA","TA",0,0,0,0
1993,114,35,4571,"Inside","2Story",5,7,1910,1950,"TA","TA","BrkTil","TA","TA","BLQ",168,448,616,"GasA","Ex","Y",616,616,1232,0,0,1,0,3,"TA",6,0,"Detchd",2,480,"Fa","Fa",280,0,143,0
1288,111,80,4800,"Inside","2Story",5,5,1910,2003,"TA","TA","BrkTil","TA","Fa","Unf",0,680,680,"GasA","Fa","N",680,680,1360,0,0,1,0,2,"TA",6,0,"Attchd",1,330,"Fa","TA",192,50,0,0
2068,165.25,70,6960,"Inside","1.5Fin",7,8,1940,1998,"TA","TA","BrkTil","TA","TA","ALQ",258,422,680,"GasA","Ex","Y",798,504,1302,0,0,1,1,2,"Gd",6,2,"Attchd",1,224,"TA","TA",0,0,0,126
1811,201,70,8462,"Inside","2Story",6,5,1994,1994,"Gd","Gd","PConc","Gd","Gd","GLQ",814,114,928,"GasA","Ex","Y",936,785,1721,0,1,2,1,3,"Gd",7,0,"Attchd",2,471,"TA","TA",300,87,0,0
2215,359.1,78,12168,"Inside","2Story",8,6,1934,1998,"TA","TA","PConc","Gd","TA","BLQ",428,537,965,"GasA","TA","Y",1940,1254,3194,0,0,2,1,4,"TA",10,2,"Basment",2,380,"TA","TA",0,0,0,0
325,139,94,9400,"Corner","2Story",6,5,1971,1971,"TA","TA","CBlock","TA","TA","Unf",0,912,912,"GasA","TA","Y",912,912,1824,0,0,2,2,4,"TA",8,0,"None",0,0,"None","None",128,0,0,0
1698,380,105,13693,"Inside","2Story",9,5,2006,2006,"Ex","TA","PConc","Gd","TA","Unf",0,2153,2153,"GasA","Ex","Y",2069,574,2643,0,0,2,1,3,"Ex",9,1,"BuiltIn",3,694,"TA","TA",414,84,0,0
2594,127,50,7500,"Inside","1.5Fin",6,6,1947,1950,"TA","TA","CBlock","TA","TA","Unf",0,784,784,"GasA","Ex","Y",900,412,1312,0,0,1,1,3,"TA",6,0,"Detchd",2,649,"TA","TA",0,28,0,0
646,115,60,10434,"Inside","1Story",4,5,1955,1955,"TA","TA","CBlock","TA","TA","Unf",0,1005,1005,"GasA","TA","Y",1005,0,1005,0,0,1,0,2,"Fa",5,1,"Detchd",2,672,"Fa","Fa",0,0,0,0
977,160,83,13383,"Inside","1Story",5,5,1969,2000,"TA","TA","CBlock","TA","TA","BLQ",594,594,1188,"GasA","Ex","Y",1404,0,1404,0,0,2,0,3,"TA",7,1,"Attchd",2,504,"TA","TA",0,16,0,0
1116,245,78,10206,"Inside","1Story",8,5,2007,2007,"TA","TA","PConc","Gd","TA","GLQ",33,1530,1563,"GasA","Ex","Y",1563,0,1563,0,0,2,0,3,"Gd",6,1,"Attchd",3,758,"TA","TA",144,99,0,0
2822,119.9,73,16133,"Inside","1Story",5,4,1969,1969,"TA","TA","CBlock","Gd","TA","ALQ",847,329,1176,"GasA","TA","Y",1176,0,1176,1,0,1,0,2,"TA",5,0,"Attchd",1,360,"TA","TA",0,92,0,112
70,262.5,75,9000,"Inside","1Story",8,5,2008,2008,"Gd","TA","PConc","Gd","TA","GLQ",1078,488,1566,"GasA","Ex","Y",1566,0,1566,1,0,2,0,3,"Gd",7,0,"Attchd",2,750,"TA","TA",144,168,0,0
2619,207.5,47,16321,"CulDSac","1Story",5,6,1957,1997,"TA","TA","CBlock","TA","TA","BLQ",1277,207,1484,"GasA","TA","Y",1600,0,1600,1,0,1,0,2,"TA",6,2,"Attchd",1,319,"TA","TA",288,258,0,0
603,140,0,9450,"Corner","1Story",4,5,1957,1957,"TA","TA","CBlock","TA","TA","BLQ",775,265,1040,"GasA","TA","Y",1362,0,1362,1,0,1,0,3,"TA",6,1,"Attchd",3,768,"TA","TA",0,0,84,0
1031,205,80,10480,"Inside","2Story",7,6,1976,1976,"TA","TA","CBlock","TA","TA","ALQ",403,400,803,"GasA","TA","Y",1098,866,1964,0,0,2,1,4,"TA",8,1,"Attchd",2,483,"TA","TA",0,69,0,0
2555,121.6,51,4712,"Inside","1.5Fin",4,7,1946,1950,"TA","TA","CBlock","TA","TA","ALQ",384,363,747,"GasA","TA","Y",774,456,1230,1,0,1,1,3,"TA",5,0,"Detchd",1,305,"TA","TA",0,57,0,63
1278,130,113,8513,"Corner","1Story",5,5,1961,1961,"TA","TA","CBlock","TA","TA","Unf",0,1800,1800,"GasA","TA","N",1800,0,1800,0,0,2,0,6,"TA",10,0,"None",0,0,"None","None",0,0,0,0
1148,193,50,8012,"Inside","1Story",6,5,1993,1994,"Gd","TA","PConc","Gd","TA","LwQ",165,598,1604,"GasA","Ex","Y",1617,0,1617,1,0,2,0,2,"Gd",5,1,"Attchd",2,533,"TA","TA",0,69,0,0
