game_id,nickname,total_turns,first_five_turns_points,max_points_turn,min_points_turn,max_min_difference,first,time_control_name,game_end_reason,winner,created_at,lexicon,initial_time_seconds,increment_seconds,rating_mode,max_overtime_minutes,game_duration_seconds,time_used
51788,Eloquent,14,120,72,6,66,Eloquent,regular,STANDARD,1,9/7/2022 1:39,CSW21,1200,0,CASUAL,2,1141.511128,0.951259273
24599,Eloquent,12,144,82,12,70,Eloquent,regular,STANDARD,1,8/1/2022 12:38,CSW21,1200,0,CASUAL,2,360.0782039,0.30006517
33770,Eloquent,12,113,80,12,68,BetterBot,regular,STANDARD,0,9/3/2022 2:26,CSW21,1200,0,CASUAL,2,234.632549,0.195527124
58583,Eloquent,13,171,82,10,72,BetterBot,regular,STANDARD,0,9/3/2022 12:51,CSW21,1200,0,CASUAL,1,233.110477,0.194258731
65,Eloquent,14,173,66,13,53,BetterBot,regular,STANDARD,1,7/31/2022 8:33,CSW21,1200,0,CASUAL,2,335.42994,0.27952495
44777,Eloquent,13,116,70,10,60,BetterBot,regular,STANDARD,1,9/1/2022 8:32,CSW21,1200,0,CASUAL,2,258.466403,0.215388669
44336,Eloquent,14,133,79,6,73,BetterBot,regular,STANDARD,1,7/31/2022 8:14,CSW21,1200,0,CASUAL,2,271.7876348,0.226489696
6356,Eloquent,14,74,99,4,95,BetterBot,regular,STANDARD,1,8/8/2022 8:57,CSW21,1200,0,CASUAL,2,527.4754879,0.439562907
47783,Eloquent,14,135,81,9,72,BetterBot,regular,STANDARD,1,8/31/2022 15:29,CSW21,1200,0,CASUAL,2,321.5700891,0.267975074
32015,Eloquent,14,89,73,2,71,Eloquent,regular,STANDARD,1,9/7/2022 12:17,CSW21,1200,0,CASUAL,2,307.6896641,0.256408053
51716,Eloquent,13,166,88,6,82,BetterBot,regular,STANDARD,1,8/8/2022 8:33,CSW21,1200,0,CASUAL,2,278.4680181,0.232056682
36128,Eloquent,17,167,86,4,82,BetterBot,regular,STANDARD,1,8/29/2022 8:55,CSW21,1200,0,CASUAL,2,407.7622221,0.339801852
21386,Eloquent,15,80,74,2,72,Eloquent,regular,STANDARD,1,8/13/2022 9:19,CSW21,1200,0,CASUAL,2,729.9301541,0.608275128
64496,Eloquent,13,93,86,6,80,Eloquent,regular,STANDARD,1,9/3/2022 12:46,CSW21,1200,0,CASUAL,1,276.9567699,0.230797308
26345,Eloquent,15,131,91,6,85,BetterBot,regular,STANDARD,1,8/2/2022 12:27,CSW21,1200,0,CASUAL,2,222.00488,0.185004067
39827,Eloquent,13,86,81,12,69,Eloquent,regular,STANDARD,1,8/31/2022 5:37,CSW21,1200,0,CASUAL,2,253.6734581,0.211394548
24212,Eloquent,15,119,81,5,76,Eloquent,regular,STANDARD,1,8/19/2022 11:22,CSW21,1200,0,CASUAL,2,320.406549,0.267005457
56828,Eloquent,13,121,84,8,76,Eloquent,regular,STANDARD,1,9/18/2022 11:05,CSW21,1200,0,CASUAL,2,323.8137319,0.269844777
29774,Eloquent,14,171,87,4,83,BetterBot,regular,STANDARD,0,9/3/2022 5:39,CSW21,1200,0,CASUAL,2,287.0823801,0.239235317
2612,Eloquent,15,118,77,4,73,BetterBot,regular,STANDARD,1,7/31/2022 9:34,CSW21,1200,0,CASUAL,2,267.210469,0.222675391
11774,Eloquent,13,175,80,7,73,BetterBot,regular,STANDARD,1,8/14/2022 12:09,CSW21,1200,0,CASUAL,2,301.2410972,0.251034248
48638,Eloquent,15,153,67,4,63,Eloquent,regular,STANDARD,1,9/11/2022 7:37,CSW21,1200,0,CASUAL,2,324.2192039,0.27018267
8021,Eloquent,15,78,82,4,78,Eloquent,regular,STANDARD,1,8/23/2022 8:04,CSW21,1200,0,CASUAL,2,392.1460762,0.326788397
42131,Eloquent,14,145,107,8,99,BetterBot,regular,STANDARD,1,8/14/2022 11:42,CSW21,1200,0,CASUAL,2,335.0120461,0.279176705
371,Eloquent,13,152,87,8,79,BetterBot,regular,STANDARD,1,8/1/2022 14:15,CSW21,1200,0,CASUAL,2,340.869688,0.284058073
67610,Eloquent,14,79,75,8,67,BetterBot,regular,STANDARD,1,8/15/2022 6:21,CSW21,1200,0,CASUAL,2,281.509505,0.234591254
10577,Eloquent,14,142,106,2,104,BetterBot,regular,STANDARD,1,8/31/2022 5:24,CSW21,1200,0,CASUAL,2,247.5736558,0.20631138
56522,Eloquent,14,148,72,6,66,Eloquent,regular,STANDARD,0,8/19/2022 17:40,CSW21,1200,0,CASUAL,2,334.9157529,0.279096461
72029,Eloquent,13,175,72,11,61,Eloquent,regular,STANDARD,1,8/3/2022 11:33,CSW21,1200,0,CASUAL,2,238.7806511,0.198983876
4178,Eloquent,12,183,77,0,77,BetterBot,regular,STANDARD,0,7/31/2022 13:32,CSW21,1200,0,CASUAL,2,302.5792139,0.252149345
3206,Eloquent,16,79,80,4,76,Eloquent,regular,STANDARD,1,9/21/2022 5:34,CSW21,1200,0,CASUAL,2,282.0590768,0.235049231
71471,Eloquent,14,101,68,2,66,BetterBot,regular,STANDARD,1,9/19/2022 12:18,CSW21,1200,0,CASUAL,2,277.6959469,0.231413289
27281,Eloquent,13,169,71,12,59,Eloquent,regular,STANDARD,1,8/4/2022 13:42,CSW21,1200,0,CASUAL,2,271.092201,0.225910167
36416,Eloquent,13,152,68,7,61,Eloquent,regular,STANDARD,1,9/21/2022 5:44,CSW21,1200,0,CASUAL,2,297.184345,0.247653621
57260,Eloquent,16,41,78,6,72,Eloquent,regular,STANDARD,1,9/8/2022 13:00,CSW21,1200,0,CASUAL,2,409.1330841,0.340944237
67079,Eloquent,15,111,80,8,72,BetterBot,regular,STANDARD,1,9/16/2022 4:42,CSW21,1200,0,CASUAL,2,258.396769,0.215330641
40439,Eloquent,13,155,91,8,83,BetterBot,regular,STANDARD,1,9/17/2022 10:22,CSW21,1200,0,CASUAL,2,306.859992,0.25571666
6149,Eloquent,14,62,82,4,78,BetterBot,regular,STANDARD,1,9/8/2022 14:02,CSW21,1200,0,CASUAL,2,273.6795888,0.228066324
35363,Eloquent,16,139,80,3,77,BetterBot,regular,STANDARD,0,8/16/2022 11:27,CSW21,1200,0,CASUAL,2,370.8360441,0.309030037
38477,Eloquent,18,54,70,4,66,Eloquent,regular,STANDARD,1,8/30/2022 11:27,CSW21,1200,0,CASUAL,2,309.0303879,0.257525323
71147,Eloquent,14,60,65,6,59,BetterBot,regular,STANDARD,0,9/11/2022 12:08,CSW21,1200,0,CASUAL,2,258.6107411,0.215508951
4250,Eloquent,14,149,64,6,58,Eloquent,regular,STANDARD,0,8/25/2022 17:54,CSW21,1200,0,CASUAL,2,336.667937,0.280556614
56207,Eloquent,15,75,67,2,65,BetterBot,regular,STANDARD,1,8/30/2022 19:43,CSW21,1200,0,CASUAL,2,398.769043,0.332307536
41519,Eloquent,11,135,70,14,56,BetterBot,regular,STANDARD,0,9/15/2022 16:33,CSW21,1200,0,CASUAL,2,193.407814,0.161173178
36011,Eloquent,12,169,84,12,72,BetterBot,regular,STANDARD,1,8/25/2022 8:38,CSW21,1200,0,CASUAL,2,245.358315,0.204465262
60716,Eloquent,12,106,81,5,76,BetterBot,regular,STANDARD,0,7/31/2022 13:22,CSW21,1200,0,CASUAL,2,254.714355,0.212261962
41186,Eloquent,12,197,72,7,65,BetterBot,regular,STANDARD,0,8/17/2022 15:22,CSW21,1200,0,CASUAL,2,383.598511,0.319665426
52913,Eloquent,14,126,84,5,79,Eloquent,regular,STANDARD,1,7/31/2022 13:05,CSW21,1200,0,CASUAL,2,300.6015589,0.250501299
32960,Eloquent,13,152,65,7,58,BetterBot,regular,STANDARD,0,9/1/2022 6:56,CSW21,1200,0,CASUAL,2,319.5257041,0.26627142
4277,Eloquent,13,110,68,8,60,BetterBot,regular,STANDARD,0,8/14/2022 9:16,CSW21,1200,0,CASUAL,2,318.1327391,0.265110616
488,Eloquent,13,149,86,6,80,BetterBot,regular,STANDARD,1,9/5/2022 4:41,CSW21,1200,0,CASUAL,2,228.3125079,0.190260423
59105,Eloquent,15,118,86,6,80,Eloquent,regular,STANDARD,1,7/30/2022 9:52,CSW21,1200,0,CASUAL,2,257.6013138,0.214667762
49736,Eloquent,12,105,60,12,48,Eloquent,regular,STANDARD,0,9/6/2022 5:38,CSW21,1200,0,CASUAL,2,402.1978021,0.335164835
40232,Eloquent,13,139,92,8,84,Eloquent,regular,STANDARD,1,9/9/2022 5:19,CSW21,1200,0,CASUAL,2,311.5128858,0.259594072
36371,Eloquent,15,51,88,0,88,Eloquent,regular,STANDARD,1,8/12/2022 13:59,CSW21,1200,0,CASUAL,2,274.6651769,0.228887647
1298,Eloquent,16,94,80,2,78,BetterBot,regular,STANDARD,1,9/21/2022 11:42,CSW21,1200,0,CASUAL,2,443.446826,0.369539022
51365,Eloquent,13,126,83,9,74,BetterBot,regular,STANDARD,1,8/31/2022 5:13,CSW21,1200,0,CASUAL,2,353.588129,0.294656774
31781,Eloquent,15,139,87,2,85,BetterBot,regular,STANDARD,0,8/7/2022 13:33,CSW21,1200,0,CASUAL,2,316.8867431,0.264072286
62057,Eloquent,15,90,77,4,73,Eloquent,regular,STANDARD,1,9/3/2022 0:20,CSW21,1200,0,CASUAL,2,307.1173811,0.255931151
24734,Eloquent,13,163,76,10,66,BetterBot,regular,STANDARD,1,8/4/2022 13:07,CSW21,1200,0,CASUAL,2,272.7042201,0.227253517
20847,Goldenlamb,11,155,84,12,72,Goldenlamb,regular,STANDARD,1,8/5/2022 6:35,CSW21,1200,0,RATED,1,764.9232638,0.637436053
6852,Goldenlamb,14,233,88,2,86,STEEBot,regular,STANDARD,1,8/4/2022 1:33,CSW21,1200,0,RATED,1,576.1039679,0.48008664
10578,Goldenlamb,12,146,86,0,86,Goldenlamb,regular,STANDARD,1,9/3/2022 3:20,CSW21,1200,0,RATED,1,453.2490878,0.377707573
50106,Goldenlamb,15,121,73,2,71,STEEBot,regular,STANDARD,1,9/20/2022 10:27,CSW21,1200,0,RATED,1,511.9208641,0.42660072
51348,Goldenlamb,12,123,74,-10,84,STEEBot,regular,TIME,0,9/9/2022 18:38,CSW21,1200,0,RATED,1,1264.770696,1.05397558
46542,Goldenlamb,12,135,66,7,59,STEEBot,regular,STANDARD,0,8/14/2022 18:13,CSW21,1200,0,RATED,1,429.7579679,0.35813164
44679,Goldenlamb,11,170,94,0,94,STEEBot,regular,STANDARD,0,8/23/2022 23:58,CSW21,1200,0,RATED,1,335.6628239,0.27971902
20046,Goldenlamb,13,168,83,0,83,Goldenlamb,regular,RESIGNED,0,8/16/2022 1:14,CSW21,1200,0,RATED,1,310.1884871,0.258490406
7212,Goldenlamb,13,170,105,7,98,Goldenlamb,regular,STANDARD,0,8/27/2022 23:02,CSW21,1200,0,RATED,1,525.7248421,0.438104035
41709,Goldenlamb,11,122,72,-10,82,Goldenlamb,regular,TIME,0,9/10/2022 11:00,CSW21,1200,0,RATED,1,1264.617469,1.053847891
23484,Goldenlamb,12,204,75,6,69,STEEBot,regular,STANDARD,0,9/10/2022 0:10,CSW21,1200,0,RATED,1,358.1464489,0.298455374
26031,Goldenlamb,16,100,83,4,79,Goldenlamb,regular,STANDARD,1,9/9/2022 16:01,CSW21,1200,0,RATED,1,434.4745779,0.362062148
399,Goldenlamb,14,185,89,0,89,Goldenlamb,regular,STANDARD,1,7/28/2022 19:22,CSW21,1200,0,RATED,1,332.820395,0.277350329
67854,Goldenlamb,11,161,77,11,66,STEEBot,regular,STANDARD,0,8/9/2022 18:25,CSW21,1200,0,RATED,1,462.4614329,0.385384527
23808,Goldenlamb,13,143,79,11,68,STEEBot,regular,STANDARD,1,9/19/2022 9:15,CSW21,1200,0,RATED,1,337.9208038,0.28160067
15240,Goldenlamb,12,89,63,-10,73,Goldenlamb,regular,TIME,0,8/25/2022 1:45,CSW21,1200,0,RATED,1,1269.196191,1.057663493
13332,Goldenlamb,14,121,90,4,86,STEEBot,regular,STANDARD,1,9/18/2022 2:10,CSW21,1200,0,RATED,1,439.2571852,0.366047654
36021,Goldenlamb,11,141,88,10,78,STEEBot,regular,STANDARD,0,9/2/2022 2:32,CSW21,1200,0,RATED,1,696.682831,0.580569026
33969,Goldenlamb,13,138,95,6,89,STEEBot,regular,STANDARD,0,7/30/2022 23:47,CSW21,1200,0,RATED,1,471.7804229,0.393150352
33366,Goldenlamb,13,134,74,2,72,STEEBot,regular,STANDARD,1,9/8/2022 22:13,CSW21,1200,0,RATED,1,450.665103,0.375554252
66711,Goldenlamb,13,180,79,6,73,Goldenlamb,regular,STANDARD,1,9/6/2022 12:47,CSW21,1200,0,RATED,1,379.974602,0.316645502
54759,Goldenlamb,13,177,86,20,66,Goldenlamb,regular,STANDARD,1,8/25/2022 15:11,CSW21,1200,0,RATED,1,271.9594569,0.226632881
30909,Goldenlamb,13,120,84,4,80,Goldenlamb,regular,STANDARD,0,9/14/2022 23:56,CSW21,1200,0,RATED,1,419.1370339,0.349280862
22089,Goldenlamb,14,105,92,2,90,Goldenlamb,regular,STANDARD,1,9/9/2022 2:07,CSW21,1200,0,RATED,1,362.9558351,0.302463196
27165,Goldenlamb,13,80,71,4,67,Goldenlamb,regular,STANDARD,0,9/9/2022 11:19,CSW21,1200,0,RATED,1,306.9189839,0.25576582
71085,Goldenlamb,19,50,84,5,79,Goldenlamb,regular,STANDARD,1,7/30/2022 0:34,CSW21,1200,0,RATED,1,482.2635849,0.401886321
58782,Goldenlamb,13,200,122,7,115,STEEBot,regular,STANDARD,0,8/16/2022 20:00,CSW21,1200,0,RATED,1,300.788743,0.250657286
64776,Goldenlamb,11,193,84,12,72,STEEBot,regular,STANDARD,0,8/14/2022 19:15,CSW21,1200,0,RATED,1,243.1949389,0.202662449
57945,Goldenlamb,11,158,54,-10,64,STEEBot,regular,TIME,0,8/24/2022 6:39,CSW21,1200,0,RATED,1,1263.048624,1.05254052
68574,Goldenlamb,14,83,79,4,75,Goldenlamb,regular,STANDARD,1,9/14/2022 0:56,CSW21,1200,0,RATED,1,394.60957,0.328841308
68952,Goldenlamb,11,210,75,19,56,STEEBot,regular,STANDARD,0,8/1/2022 2:29,CSW21,1200,0,RATED,1,287.3113739,0.239426145
29514,Goldenlamb,13,266,86,9,77,Goldenlamb,regular,STANDARD,1,7/31/2022 10:28,CSW21,1200,0,RATED,1,546.0948009,0.455079001
46785,Goldenlamb,14,161,89,10,79,STEEBot,regular,STANDARD,1,8/31/2022 0:45,CSW21,1200,0,RATED,1,407.049329,0.339207774
33069,Goldenlamb,15,127,72,0,72,Goldenlamb,regular,STANDARD,1,9/13/2022 12:51,CSW21,1200,0,RATED,1,407.9086721,0.339923893
31998,Goldenlamb,13,130,100,0,100,Goldenlamb,regular,STANDARD,1,8/4/2022 21:57,CSW21,1200,0,RATED,1,389.03794,0.324198283
11622,Goldenlamb,12,243,92,8,84,Goldenlamb,regular,STANDARD,1,9/7/2022 2:18,CSW21,1200,0,RATED,1,339.799238,0.283166032
26895,Goldenlamb,14,110,69,2,67,STEEBot,regular,STANDARD,0,7/31/2022 1:27,CSW21,1200,0,RATED,1,334.4174101,0.278681175
16212,Goldenlamb,12,184,64,0,64,Goldenlamb,regular,STANDARD,0,8/10/2022 20:55,CSW21,1200,0,RATED,1,212.1954129,0.176829511
20991,Goldenlamb,14,92,72,4,68,STEEBot,regular,STANDARD,1,8/4/2022 13:55,CSW21,1200,0,RATED,1,423.2306778,0.352692232
15753,Goldenlamb,13,91,68,7,61,Goldenlamb,regular,STANDARD,0,7/28/2022 19:09,CSW21,1200,0,RATED,1,581.321918,0.484434932
66918,Goldenlamb,12,191,89,18,71,Goldenlamb,regular,STANDARD,1,9/19/2022 9:10,CSW21,1200,0,RATED,1,313.3962281,0.261163523
71949,Goldenlamb,11,158,102,12,90,STEEBot,regular,STANDARD,0,8/15/2022 18:22,CSW21,1200,0,RATED,1,334.3383319,0.278615277
63093,Goldenlamb,13,109,83,10,73,Goldenlamb,regular,STANDARD,1,9/3/2022 3:37,CSW21,1200,0,RATED,1,482.5295401,0.40210795
55983,Goldenlamb,15,60,82,0,82,STEEBot,regular,STANDARD,0,7/31/2022 11:00,CSW21,1200,0,RATED,1,473.9295828,0.394941319
62841,Goldenlamb,13,109,41,6,35,Goldenlamb,regular,STANDARD,0,8/1/2022 21:45,CSW21,1200,0,RATED,1,392.886097,0.327405081
68016,Goldenlamb,13,134,74,10,64,Goldenlamb,regular,STANDARD,1,8/14/2022 18:20,CSW21,1200,0,RATED,1,388.891227,0.324076023
56109,Goldenlamb,13,237,90,4,86,Goldenlamb,regular,STANDARD,0,9/11/2022 9:54,CSW21,1200,0,RATED,1,477.2567079,0.397713923
40359,Goldenlamb,17,73,73,2,71,Goldenlamb,regular,STANDARD,1,8/4/2022 15:31,CSW21,1200,0,RATED,1,407.918864,0.339932387
54372,Goldenlamb,12,160,75,7,68,STEEBot,regular,RESIGNED,0,7/29/2022 18:21,CSW21,1200,0,RATED,1,496.4107661,0.413675638
30477,Goldenlamb,12,179,78,15,63,STEEBot,regular,STANDARD,1,7/31/2022 0:45,CSW21,1200,0,RATED,1,334.170651,0.278475542
48909,Goldenlamb,14,154,80,14,66,Goldenlamb,regular,STANDARD,1,8/20/2022 19:19,CSW21,1200,0,RATED,1,394.851784,0.329043153
16131,Goldenlamb,12,159,71,14,57,Goldenlamb,regular,STANDARD,0,9/20/2022 17:13,CSW21,1200,0,RATED,1,328.7617559,0.27396813
29226,Goldenlamb,15,141,64,4,60,STEEBot,regular,STANDARD,0,7/29/2022 16:23,CSW21,1200,0,RATED,1,372.735878,0.310613232
71697,Goldenlamb,12,134,95,0,95,Goldenlamb,regular,STANDARD,1,8/28/2022 0:41,CSW21,1200,0,RATED,1,341.6215479,0.284684623
28398,Goldenlamb,14,147,83,4,79,Goldenlamb,regular,STANDARD,0,9/10/2022 0:06,CSW21,1200,0,RATED,1,205.6624641,0.171385387
63048,Goldenlamb,11,105,75,5,70,STEEBot,regular,STANDARD,0,8/31/2022 22:36,CSW21,1200,0,RATED,1,402.3797491,0.335316458
19587,Goldenlamb,12,261,82,3,79,STEEBot,regular,STANDARD,0,8/23/2022 1:01,CSW21,1200,0,RATED,1,419.9490991,0.349957583
3603,Goldenlamb,12,138,74,6,68,Goldenlamb,regular,RESIGNED,0,8/7/2022 9:56,CSW21,1200,0,RATED,1,436.186522,0.363488768
71706,Goldenlamb,12,123,77,9,68,STEEBot,regular,STANDARD,0,8/12/2022 20:38,CSW21,1200,0,RATED,1,445.5731661,0.371310972
2226,Goldenlamb,15,81,63,2,61,STEEBot,regular,STANDARD,1,8/26/2022 9:26,CSW21,1200,0,RATED,1,383.0073249,0.319172771
39011,hannahbanana,13,77,98,-64,162,hannahbanana,rapid,RESIGNED,0,9/23/2022 0:08,NWL20,720,0,RATED,1,158.8377111,0.220607932
15629,hannahbanana,15,75,74,0,74,STEEBot,rapid,STANDARD,1,8/4/2022 17:10,NWL20,720,0,RATED,1,136.4288349,0.189484493
69773,hannahbanana,14,40,52,5,47,hannahbanana,rapid,STANDARD,0,9/16/2022 15:08,NWL20,720,0,RATED,1,198.1054771,0.275146496
33179,hannahbanana,11,-5,59,-59,118,STEEBot,rapid,TIME,0,8/11/2022 20:57,NWL20,720,0,RATED,1,781.1573968,1.084940829
14972,hannahbanana,15,133,82,5,77,hannahbanana,rapid,STANDARD,0,9/9/2022 4:28,NWL20,720,0,RATED,1,114.4711781,0.158987747
30146,hannahbanana,13,79,43,2,41,STEEBot,rapid,STANDARD,0,9/15/2022 4:34,NWL20,720,0,RATED,1,144.4719899,0.200655541
37301,hannahbanana,13,119,78,9,69,hannahbanana,rapid,STANDARD,0,8/31/2022 16:55,NWL20,720,0,RATED,1,183.6346569,0.255048135
63122,hannahbanana,12,168,92,12,80,hannahbanana,rapid,STANDARD,1,9/17/2022 4:00,NWL20,720,0,RATED,1,148.4793761,0.206221356
69197,hannahbanana,16,66,83,4,79,hannahbanana,rapid,STANDARD,0,9/2/2022 2:03,NWL20,720,0,RATED,1,235.0087399,0.326401028
25511,hannahbanana,14,83,96,-17,113,hannahbanana,rapid,STANDARD,0,8/6/2022 23:46,NWL20,720,0,RATED,1,196.305197,0.272646107
40370,hannahbanana,13,152,79,13,66,hannahbanana,rapid,STANDARD,0,7/30/2022 16:34,NWL20,720,0,RATED,1,163.181736,0.2266413
20264,hannahbanana,13,236,90,-86,176,hannahbanana,rapid,STANDARD,1,9/10/2022 3:53,NWL20,720,0,RATED,1,114.029175,0.158373854
45914,hannahbanana,12,109,83,16,67,STEEBot,rapid,STANDARD,0,8/1/2022 12:57,NWL20,720,0,RATED,1,213.8526149,0.297017521
40712,hannahbanana,12,172,75,11,64,hannahbanana,rapid,STANDARD,0,9/15/2022 3:15,NWL20,720,0,RATED,1,141.5763872,0.196633871
50900,hannahbanana,12,92,81,9,72,hannahbanana,rapid,RESIGNED,0,8/19/2022 3:52,NWL20,720,0,RATED,1,308.5461869,0.428536371
45167,hannahbanana,14,92,70,2,68,STEEBot,rapid,STANDARD,0,8/20/2022 14:16,NWL20,720,0,RATED,1,193.200228,0.26833365
36104,hannahbanana,13,96,78,6,72,STEEBot,rapid,STANDARD,0,9/7/2022 4:33,NWL20,720,0,RATED,1,292.127794,0.405733047
5729,hannahbanana,12,117,81,2,79,STEEBot,rapid,STANDARD,0,8/25/2022 4:55,NWL20,720,0,RATED,1,173.0577459,0.24035798
1994,hannahbanana,13,148,64,0,64,hannahbanana,rapid,STANDARD,0,8/27/2022 18:07,NWL20,720,0,RATED,1,259.620194,0.360583603
69341,hannahbanana,17,117,73,4,69,STEEBot,rapid,STANDARD,0,7/30/2022 16:06,NWL20,720,0,RATED,1,180.647433,0.250899213
43025,hannahbanana,12,167,89,-35,124,hannahbanana,rapid,RESIGNED,0,9/19/2022 0:47,NWL20,720,0,RATED,1,122.289114,0.169845992
27140,hannahbanana,14,99,74,-74,148,STEEBot,rapid,STANDARD,0,9/15/2022 13:10,NWL20,720,0,RATED,1,88.41410303,0.122797365
51098,hannahbanana,12,63,74,-74,148,STEEBot,rapid,RESIGNED,0,8/8/2022 4:02,NWL20,720,0,RATED,1,157.6005661,0.218889675
39218,hannahbanana,14,106,87,2,85,STEEBot,rapid,STANDARD,1,8/20/2022 1:01,NWL20,720,0,RATED,1,212.668993,0.295373601
50018,hannahbanana,16,58,84,-38,122,STEEBot,rapid,STANDARD,0,8/9/2022 15:47,NWL20,720,0,RATED,1,184.7807081,0.256639872
69170,hannahbanana,14,132,84,12,72,STEEBot,rapid,STANDARD,1,9/7/2022 3:46,NWL20,720,0,RATED,1,248.7790928,0.345526518
47948,hannahbanana,17,116,86,-86,172,hannahbanana,rapid,STANDARD,0,9/7/2022 13:25,NWL20,720,0,RATED,1,251.3434961,0.349088189
50531,hannahbanana,12,125,46,10,36,STEEBot,rapid,STANDARD,0,7/30/2022 15:47,NWL20,720,0,RATED,1,218.121269,0.302946207
67460,hannahbanana,13,57,38,-7,45,STEEBot,rapid,RESIGNED,0,9/13/2022 2:28,NWL20,720,0,RATED,1,184.8020308,0.256669487
67883,hannahbanana,12,174,82,11,71,hannahbanana,rapid,STANDARD,0,8/12/2022 0:33,NWL20,720,0,RATED,1,211.3461099,0.293536264
5018,hannahbanana,13,108,90,2,88,STEEBot,rapid,STANDARD,0,8/24/2022 2:01,NWL20,720,0,RATED,1,221.5057261,0.307646842
13460,hannahbanana,16,103,203,-43,246,hannahbanana,rapid,STANDARD,0,9/15/2022 1:42,NWL20,720,0,RATED,1,204.123131,0.283504349
21389,hannahbanana,16,137,79,-20,99,STEEBot,rapid,STANDARD,0,8/21/2022 3:01,NWL20,720,0,RATED,1,302.0327358,0.419489911
60746,hannahbanana,13,146,56,0,56,STEEBot,rapid,STANDARD,0,9/16/2022 2:47,NWL20,720,0,RATED,1,167.1974938,0.232218741
66038,hannahbanana,15,87,39,6,33,hannahbanana,rapid,STANDARD,0,8/8/2022 12:06,NWL20,720,0,RATED,1,165.4538639,0.229797033
51746,hannahbanana,11,68,76,-18,94,STEEBot,rapid,RESIGNED,0,9/5/2022 4:08,NWL20,720,0,CASUAL,1,141.7519591,0.196877721
51287,hannahbanana,13,36,35,-10,45,hannahbanana,rapid,TIME,0,9/17/2022 4:47,NWL20,720,0,RATED,1,789.7394009,1.096860279
30704,hannahbanana,14,101,67,-26,93,hannahbanana,rapid,RESIGNED,0,9/13/2022 22:59,NWL20,720,0,RATED,1,205.2966721,0.285134267
46751,hannahbanana,13,113,84,-31,115,hannahbanana,rapid,STANDARD,0,8/31/2022 3:15,NWL20,720,0,RATED,1,453.440078,0.629777886
70556,hannahbanana,14,100,44,6,38,STEEBot,rapid,STANDARD,0,8/27/2022 13:46,NWL20,720,0,RATED,1,249.4291382,0.346429359
1814,hannahbanana,12,96,73,6,67,hannahbanana,rapid,RESIGNED,0,8/31/2022 16:45,NWL20,720,0,RATED,1,201.3958359,0.279716439
45464,hannahbanana,12,158,63,6,57,STEEBot,rapid,RESIGNED,0,8/19/2022 3:57,NWL20,720,0,RATED,1,191.598453,0.266108963
49514,hannahbanana,14,149,83,8,75,STEEBot,rapid,STANDARD,1,8/31/2022 16:42,NWL20,720,0,RATED,1,140.0430579,0.194504247
41963,hannahbanana,13,135,89,4,85,STEEBot,rapid,STANDARD,0,9/7/2022 17:28,NWL20,720,0,RATED,1,281.4944868,0.390964565
34160,hannahbanana,13,147,89,0,89,STEEBot,rapid,STANDARD,0,9/7/2022 16:18,NWL20,720,0,RATED,1,485.5714989,0.67440486
59828,hannahbanana,16,193,158,-82,240,hannahbanana,rapid,STANDARD,0,9/6/2022 5:04,NWL20,720,0,CASUAL,1,304.0850348,0.422340326
15863,hannahbanana,18,72,60,-46,106,hannahbanana,rapid,STANDARD,0,8/4/2022 13:31,NWL20,720,0,RATED,1,330.2769332,0.458717963
37733,hannahbanana,12,174,78,13,65,hannahbanana,rapid,STANDARD,0,8/9/2022 15:29,NWL20,720,0,RATED,1,151.0928671,0.209851204
39758,hannahbanana,15,95,76,4,72,hannahbanana,rapid,STANDARD,1,7/29/2022 3:49,NWL20,720,0,RATED,1,188.689625,0.262068924
51593,hannahbanana,15,104,122,0,122,hannahbanana,rapid,STANDARD,1,9/19/2022 14:15,NWL20,720,0,RATED,1,270.134145,0.375186313
428,hannahbanana,16,90,63,-12,75,hannahbanana,rapid,STANDARD,0,8/19/2022 13:01,NWL20,720,0,RATED,1,231.0302839,0.320875394
70565,hannahbanana,15,120,104,-104,208,hannahbanana,rapid,STANDARD,1,8/28/2022 13:55,NWL20,720,0,RATED,1,284.8836989,0.395671804
60665,hannahbanana,16,69,45,0,45,hannahbanana,rapid,STANDARD,0,9/6/2022 21:41,NWL20,720,0,RATED,1,319.3567209,0.443551001
53006,hannahbanana,13,110,42,7,35,STEEBot,rapid,STANDARD,0,8/6/2022 2:10,NWL20,720,0,RATED,1,148.3797321,0.206082961
58316,hannahbanana,15,75,33,5,28,STEEBot,rapid,STANDARD,0,7/30/2022 12:27,NWL20,720,0,RATED,1,181.4522481,0.252017011
19094,hannahbanana,11,146,70,6,64,hannahbanana,rapid,RESIGNED,0,9/16/2022 4:03,NWL20,720,0,RATED,1,349.2732201,0.485101695
23720,hannahbanana,17,60,76,-36,112,STEEBot,rapid,STANDARD,0,9/6/2022 21:46,NWL20,720,0,RATED,1,129.7012792,0.180140666
60197,hannahbanana,15,36,86,-21,107,hannahbanana,rapid,STANDARD,0,9/16/2022 15:19,NWL20,720,0,RATED,1,154.7561121,0.214939045
15098,hannahbanana,13,175,76,8,68,hannahbanana,rapid,STANDARD,1,8/9/2022 14:26,NWL20,720,0,RATED,1,267.3751411,0.371354363
62393,hannahbanana,11,8,80,-80,160,STEEBot,rapid,RESIGNED,0,8/20/2022 3:51,NWL20,720,0,RATED,1,105.9302459,0.147125341
57118,HivinD,14,115,66,8,58,HivinD,regular,STANDARD,0,9/4/2022 10:44,CSW21,900,0,RATED,1,431.84954,0.479832822
5638,HivinD,12,183,67,8,59,HivinD,regular,STANDARD,0,8/21/2022 9:06,CSW21,900,0,RATED,1,314.6057601,0.349561956
50665,HivinD,13,144,74,0,74,HivinD,regular,STANDARD,1,9/5/2022 17:37,CSW21,900,0,RATED,1,358.443749,0.398270832
51187,HivinD,13,141,77,4,73,STEEBot,regular,STANDARD,0,8/25/2022 1:11,CSW21,900,0,RATED,1,347.5131199,0.386125689
40693,HivinD,13,167,83,6,77,STEEBot,regular,STANDARD,1,9/13/2022 15:07,CSW21,900,0,RATED,1,503.1974499,0.559108278
63616,HivinD,13,147,76,3,73,HivinD,regular,STANDARD,0,8/23/2022 8:25,CSW21,900,0,RATED,1,492.012975,0.546681083
46448,HivinD,15,81,78,4,74,HivinD,regular,STANDARD,1,9/4/2022 11:30,CSW21,900,0,RATED,1,348.3262169,0.38702913
48091,HivinD,14,129,78,2,76,STEEBot,regular,STANDARD,0,8/28/2022 1:58,CSW21,900,0,RATED,1,255.763418,0.284181576
68876,HivinD,13,138,97,2,95,HivinD,regular,STANDARD,0,9/16/2022 17:34,CSW21,900,0,RATED,1,496.3147209,0.551460801
2110,HivinD,12,147,82,12,70,HivinD,regular,STANDARD,0,9/6/2022 11:43,CSW21,900,0,RATED,1,329.640074,0.366266749
1552,HivinD,11,120,51,4,47,STEEBot,regular,STANDARD,0,9/21/2022 16:23,CSW21,900,0,RATED,1,144.0959461,0.160106607
40819,HivinD,14,114,77,2,75,STEEBot,regular,STANDARD,0,9/9/2022 18:58,CSW21,900,0,RATED,1,270.9128881,0.30101432
36751,HivinD,14,116,89,6,83,STEEBot,regular,STANDARD,1,9/1/2022 9:33,CSW21,900,0,RATED,1,413.4833391,0.459425932
55534,HivinD,11,203,75,5,70,STEEBot,regular,STANDARD,0,9/8/2022 18:11,CSW21,900,0,RATED,1,379.612644,0.421791827
9526,HivinD,13,215,78,17,61,STEEBot,regular,STANDARD,1,9/4/2022 10:02,CSW21,900,0,RATED,1,413.6806571,0.459645175
70087,HivinD,10,240,81,15,66,HivinD,regular,STANDARD,0,8/21/2022 8:49,CSW21,900,0,RATED,1,361.0958011,0.401217557
31549,HivinD,14,144,74,2,72,STEEBot,regular,STANDARD,0,8/25/2022 2:28,CSW21,900,0,RATED,1,279.4732862,0.310525874
62536,HivinD,15,155,84,3,81,STEEBot,regular,STANDARD,0,7/30/2022 13:37,CSW21,900,0,RATED,1,543.0009792,0.603334421
8995,HivinD,13,102,72,5,67,HivinD,regular,STANDARD,0,9/17/2022 12:03,CSW21,900,0,RATED,1,149.8892522,0.166543614
22963,HivinD,13,189,77,0,77,HivinD,regular,STANDARD,1,8/28/2022 7:11,CSW21,900,0,RATED,1,252.31532,0.280350356
38857,HivinD,10,245,96,10,86,STEEBot,regular,STANDARD,1,9/8/2022 18:04,CSW21,900,0,RATED,1,413.4043388,0.459338154
21613,HivinD,11,238,101,14,87,STEEBot,regular,STANDARD,1,9/17/2022 15:09,CSW21,900,0,RATED,1,226.6021318,0.251780146
54643,HivinD,11,217,80,18,62,HivinD,regular,STANDARD,1,9/1/2022 0:19,CSW21,900,0,RATED,1,235.500787,0.261667541
43312,HivinD,12,105,68,3,65,STEEBot,regular,STANDARD,0,9/16/2022 19:06,CSW21,900,0,RATED,1,328.107305,0.364563672
4063,HivinD,13,95,90,0,90,HivinD,regular,STANDARD,0,9/9/2022 18:32,CSW21,900,0,RATED,1,208.9526398,0.2321696
1084,HivinD,13,212,131,12,119,HivinD,regular,STANDARD,1,9/10/2022 4:31,CSW21,900,0,RATED,1,253.895098,0.282105664
58612,HivinD,12,203,80,3,77,STEEBot,regular,STANDARD,1,8/16/2022 3:53,CSW21,900,0,RATED,1,337.1470129,0.374607792
6326,HivinD,16,66,72,4,68,HivinD,blitz,STANDARD,0,9/9/2022 18:05,CSW21,300,0,RATED,1,192.5649502,0.641883167
63013,HivinD,13,87,149,4,145,HivinD,regular,STANDARD,1,8/24/2022 16:24,CSW21,900,0,RATED,1,328.270206,0.364744673
57955,HivinD,13,161,75,12,63,STEEBot,regular,STANDARD,1,8/11/2022 8:36,CSW21,900,0,RATED,1,323.4524579,0.35939162
27076,HivinD,14,175,82,0,82,HivinD,regular,STANDARD,1,9/19/2022 19:24,CSW21,900,0,RATED,1,288.9386148,0.321042905
14674,HivinD,15,153,82,0,82,HivinD,regular,STANDARD,1,9/4/2022 10:22,CSW21,900,0,RATED,1,377.6543519,0.419615947
25213,HivinD,13,190,82,0,82,HivinD,regular,STANDARD,0,7/28/2022 18:21,CSW21,900,0,RATED,1,380.580168,0.422866853
26761,HivinD,15,136,78,2,76,STEEBot,regular,STANDARD,0,8/26/2022 12:41,CSW21,900,0,RATED,1,263.131741,0.292368601
49207,HivinD,12,197,95,0,95,STEEBot,regular,STANDARD,0,9/19/2022 17:57,CSW21,900,0,RATED,1,337.728116,0.375253462
28507,HivinD,14,77,81,4,77,HivinD,regular,STANDARD,0,8/14/2022 16:35,CSW21,900,0,RATED,1,498.442584,0.553825093
55372,HivinD,11,217,110,9,101,STEEBot,regular,STANDARD,1,8/26/2022 1:58,CSW21,900,0,RATED,1,502.8843639,0.558760404
58873,HivinD,12,198,76,10,66,HivinD,regular,STANDARD,1,8/23/2022 8:34,CSW21,900,0,RATED,1,590.4237609,0.656026401
4396,HivinD,14,98,72,0,72,STEEBot,regular,STANDARD,0,8/25/2022 17:12,CSW21,900,0,RATED,1,199.163419,0.221292688
5719,HivinD,13,130,70,5,65,HivinD,regular,STANDARD,0,9/3/2022 5:42,CSW21,900,0,RATED,1,197.8222489,0.219802499
9814,HivinD,14,92,99,0,99,HivinD,regular,STANDARD,1,8/16/2022 11:13,CSW21,900,0,RATED,1,411.8148229,0.457572025
27503,HivinD,12,130,98,2,96,HastyBot,regular,STANDARD,1,8/28/2022 14:29,CSW21,900,0,RATED,1,740.893609,0.823215121
69821,HivinD,16,133,89,-10,99,HivinD,blitz,STANDARD,1,9/11/2022 0:06,CSW21,300,0,RATED,1,331.935708,1.10645236
22252,HivinD,16,51,63,4,59,HivinD,regular,STANDARD,1,8/3/2022 16:16,CSW21,900,0,RATED,1,388.8786728,0.432087414
67189,HivinD,13,156,89,12,77,STEEBot,regular,STANDARD,1,9/1/2022 20:00,CSW21,900,0,RATED,1,297.906945,0.331007717
55867,HivinD,11,219,106,0,106,STEEBot,regular,STANDARD,1,9/17/2022 11:32,CSW21,900,0,RATED,1,176.0839021,0.19564878
38713,HivinD,14,119,68,4,64,HivinD,regular,STANDARD,0,8/17/2022 15:33,CSW21,900,0,RATED,1,434.6709211,0.48296769
7114,HivinD,12,124,95,2,93,STEEBot,regular,STANDARD,0,9/19/2022 19:19,CSW21,900,0,RATED,1,299.3525391,0.332613932
16402,HivinD,14,173,69,0,69,HivinD,regular,STANDARD,1,9/20/2022 15:38,CSW21,900,0,RATED,1,315.497601,0.35055289
41593,HivinD,13,134,83,3,80,HivinD,regular,STANDARD,0,8/26/2022 4:11,CSW21,900,0,RATED,1,530.936089,0.589928988
37475,HivinD,16,69,94,4,90,BetterBot,blitz,STANDARD,1,9/18/2022 12:36,CSW21,300,0,RATED,1,282.1909549,0.940636516
15448,HivinD,12,111,92,14,78,STEEBot,regular,STANDARD,1,8/21/2022 8:41,CSW21,900,0,RATED,1,446.4131062,0.496014562
29605,HivinD,12,87,93,0,93,STEEBot,regular,STANDARD,0,9/14/2022 15:35,CSW21,900,0,RATED,1,345.6276228,0.384030692
10345,HivinD,14,56,86,0,86,STEEBot,regular,STANDARD,0,9/4/2022 9:34,CSW21,900,0,RATED,1,361.0198941,0.401133216
62392,HivinD,12,161,95,6,89,HivinD,regular,STANDARD,1,9/1/2022 18:02,CSW21,900,0,RATED,1,293.1519051,0.325724339
16870,HivinD,11,136,93,6,87,HivinD,regular,STANDARD,0,9/1/2022 20:46,CSW21,900,0,RATED,1,254.1722431,0.282413603
61942,HivinD,14,112,102,4,98,STEEBot,regular,STANDARD,1,9/16/2022 12:43,CSW21,900,0,RATED,1,244.402842,0.271558713
19327,HivinD,20,16,90,2,88,HivinD,regular,STANDARD,1,9/17/2022 8:11,CSW21,900,0,RATED,1,206.1262751,0.229029195
24380,HivinD,13,219,94,8,86,HivinD,regular,STANDARD,1,9/6/2022 18:11,CSW21,900,0,RATED,1,241.5804231,0.268422692
67873,HivinD,12,178,76,3,73,HivinD,regular,STANDARD,0,9/8/2022 9:34,CSW21,900,0,RATED,1,221.6530082,0.24628112
18417,hulkbuster,18,113,87,0,87,hulkbuster,regular,STANDARD,0,9/20/2022 6:25,CSW21,1200,0,RATED,1,210.1256931,0.175104744
60672,hulkbuster,16,139,81,-6,87,STEEBot,regular,STANDARD,0,8/23/2022 9:10,CSW21,1200,0,RATED,1,217.7621901,0.181468492
47865,hulkbuster,12,39,72,0,72,HastyBot,regular,STANDARD,0,9/23/2022 2:01,CSW21,1200,0,RATED,1,167.9711971,0.139975998
51123,hulkbuster,18,95,68,-13,81,STEEBot,regular,STANDARD,0,9/12/2022 5:29,CSW21,1200,0,RATED,1,193.7673168,0.161472764
58566,hulkbuster,15,107,79,0,79,hulkbuster,regular,STANDARD,0,9/5/2022 13:16,CSW21,1200,0,RATED,1,163.3427391,0.136118949
7680,hulkbuster,20,45,65,-29,94,BetterBot,regular,STANDARD,0,9/13/2022 8:07,CSW21,1200,0,RATED,1,357.964046,0.298303372
29325,hulkbuster,15,77,72,0,72,hulkbuster,regular,STANDARD,0,9/12/2022 7:25,CSW21,1200,0,RATED,1,203.0405149,0.169200429
24933,hulkbuster,15,83,42,6,36,BetterBot,regular,STANDARD,0,8/2/2022 7:56,CSW21,1200,0,RATED,1,259.1677139,0.215973095
69321,hulkbuster,26,0,0,0,0,hulkbuster,regular,STANDARD,0,9/21/2022 13:41,CSW21,1200,0,RATED,1,27.85141301,0.023209511
63651,hulkbuster,18,41,79,-24,103,hulkbuster,regular,STANDARD,0,8/30/2022 6:55,CSW21,1200,0,RATED,1,269.61237,0.224676975
32421,hulkbuster,19,23,87,-87,174,BetterBot,regular,STANDARD,0,9/22/2022 1:18,CSW21,1200,0,RATED,1,298.6745698,0.248895475
72471,hulkbuster,14,115,79,6,73,hulkbuster,regular,STANDARD,0,8/20/2022 1:58,CSW21,1200,0,RATED,1,264.323869,0.220269891
33654,hulkbuster,17,25,85,-22,107,BetterBot,regular,STANDARD,0,9/14/2022 3:34,CSW21,1200,0,RATED,1,334.832247,0.279026873
18183,hulkbuster,14,138,74,2,72,STEEBot,regular,STANDARD,0,8/6/2022 7:01,CSW21,1200,0,CASUAL,1,253.5761101,0.211313425
40746,hulkbuster,17,89,41,-12,53,STEEBot,regular,STANDARD,0,8/22/2022 9:51,CSW21,1200,0,CASUAL,1,294.0467291,0.245038941
2199,hulkbuster,14,119,68,-39,107,STEEBot,regular,STANDARD,0,8/12/2022 5:47,CSW21,1200,0,CASUAL,1,217.0125039,0.180843753
66612,hulkbuster,18,56,67,-47,114,hulkbuster,regular,STANDARD,0,8/31/2022 2:29,CSW21,1200,0,RATED,1,295.784399,0.246486999
33303,hulkbuster,15,159,70,0,70,BetterBot,regular,STANDARD,0,9/21/2022 12:19,CSW21,1200,0,RATED,1,199.2220759,0.166018397
67071,hulkbuster,18,128,84,0,84,BetterBot,regular,STANDARD,0,9/14/2022 13:20,CSW21,1200,0,RATED,1,336.1480169,0.280123347
53427,hulkbuster,17,130,82,0,82,BetterBot,regular,STANDARD,0,9/6/2022 9:24,CSW21,1200,0,RATED,1,226.9698961,0.18914158
15510,hulkbuster,10,136,85,13,72,hulkbuster,regular,STANDARD,0,8/26/2022 6:29,CSW21,1200,0,RATED,1,148.441746,0.123701455
66630,hulkbuster,16,85,27,0,27,BetterBot,regular,STANDARD,0,9/12/2022 11:02,CSW21,1200,0,RATED,1,230.065403,0.191721169
12936,hulkbuster,14,76,60,0,60,STEEBot,regular,STANDARD,0,8/24/2022 7:33,CSW21,1200,0,RATED,1,143.0590341,0.119215862
23583,hulkbuster,19,62,69,0,69,hulkbuster,regular,STANDARD,0,9/10/2022 3:15,CSW21,1200,0,RATED,1,154.509809,0.128758174
36606,hulkbuster,15,75,58,0,58,hulkbuster,regular,STANDARD,0,8/5/2022 7:15,CSW21,1200,0,CASUAL,1,209.501889,0.174584907
67152,hulkbuster,17,19,35,-20,55,STEEBot,regular,STANDARD,0,8/19/2022 12:38,CSW21,1200,0,RATED,1,207.074173,0.172561811
31737,hulkbuster,16,32,34,-12,46,hulkbuster,regular,STANDARD,0,8/9/2022 4:20,CSW21,1200,0,CASUAL,1,515.1239331,0.429269944
53085,hulkbuster,17,120,82,0,82,hulkbuster,regular,STANDARD,0,9/22/2022 12:07,CSW21,1200,0,RATED,1,104.105839,0.086754866
31035,hulkbuster,16,74,91,-35,126,hulkbuster,regular,STANDARD,0,9/4/2022 11:18,CSW21,1200,0,RATED,1,402.453594,0.335377995
28938,hulkbuster,20,74,76,-59,135,hulkbuster,regular,STANDARD,0,9/15/2022 3:56,CSW21,1200,0,RATED,1,364.1140752,0.303428396
61662,hulkbuster,11,233,82,0,82,hulkbuster,regular,STANDARD,0,9/22/2022 13:05,CSW21,1200,0,RATED,1,532.8395,0.444032917
3288,hulkbuster,14,150,72,0,72,hulkbuster,regular,STANDARD,0,9/12/2022 12:35,CSW21,1200,0,RATED,1,253.0324771,0.210860398
13593,hulkbuster,16,72,37,0,37,hulkbuster,regular,STANDARD,0,9/23/2022 2:18,CSW21,1200,0,RATED,1,274.420542,0.228683785
21567,hulkbuster,16,45,70,-22,92,STEEBot,regular,STANDARD,0,8/25/2022 13:17,CSW21,1200,0,RATED,1,482.545753,0.402121461
28029,hulkbuster,16,43,72,0,72,hulkbuster,regular,STANDARD,0,8/21/2022 6:24,CSW21,1200,0,CASUAL,1,384.492059,0.320410049
17265,hulkbuster,19,91,69,-63,132,BetterBot,regular,STANDARD,0,9/12/2022 13:06,CSW21,1200,0,RATED,1,371.1623628,0.309301969
21405,hulkbuster,16,60,39,0,39,hulkbuster,regular,STANDARD,0,8/7/2022 7:48,CSW21,1200,0,CASUAL,1,259.736382,0.216446985
21738,hulkbuster,15,180,71,0,71,hulkbuster,regular,STANDARD,0,9/22/2022 11:46,CSW21,1200,0,RATED,1,297.8974831,0.248247903
28623,hulkbuster,15,109,42,0,42,hulkbuster,regular,STANDARD,0,9/14/2022 3:13,CSW21,1200,0,RATED,1,601.126307,0.500938589
19452,hulkbuster,12,192,101,-89,190,HastyBot,regular,STANDARD,0,9/22/2022 13:26,CSW21,1200,0,RATED,1,594.154973,0.495129144
68592,hulkbuster,15,159,72,0,72,hulkbuster,regular,STANDARD,0,9/1/2022 7:45,CSW21,1200,0,RATED,1,225.651562,0.188042968
17616,hulkbuster,18,188,76,-12,88,hulkbuster,regular,STANDARD,0,8/3/2022 7:16,CSW21,1200,0,RATED,1,307.793191,0.256494326
6060,hulkbuster,15,85,64,9,55,hulkbuster,regular,STANDARD,0,9/6/2022 9:43,CSW21,1200,0,RATED,1,175.6195109,0.146349592
36705,hulkbuster,11,77,75,-22,97,hulkbuster,regular,RESIGNED,0,9/14/2022 13:52,CSW21,1200,0,RATED,1,121.1659188,0.100971599
29910,hulkbuster,21,46,87,-20,107,hulkbuster,regular,STANDARD,0,8/6/2022 8:13,CSW21,1200,0,CASUAL,1,641.8611031,0.534884253
45390,hulkbuster,18,61,35,-23,58,STEEBot,regular,STANDARD,0,8/19/2022 12:26,CSW21,1200,0,RATED,1,189.9495339,0.158291278
49962,hulkbuster,20,25,81,0,81,BetterBot,regular,STANDARD,0,9/21/2022 1:53,CSW21,1200,0,RATED,1,246.785784,0.20565482
65847,hulkbuster,22,55,53,-53,106,BetterBot,regular,STANDARD,0,9/4/2022 11:40,CSW21,1200,0,RATED,1,433.342195,0.361118496
49593,hulkbuster,17,37,44,-24,68,hulkbuster,regular,STANDARD,0,9/11/2022 12:39,CSW21,1200,0,RATED,1,216.0912249,0.180076021
65892,hulkbuster,14,93,82,0,82,BetterBot,regular,STANDARD,1,9/5/2022 8:54,CSW21,1200,0,RATED,1,469.2270629,0.391022552
25815,hulkbuster,15,131,73,-73,146,hulkbuster,regular,STANDARD,0,8/26/2022 4:12,CSW21,1200,0,CASUAL,1,281.338202,0.234448502
45444,hulkbuster,17,124,67,-28,95,hulkbuster,regular,STANDARD,0,8/22/2022 11:07,CSW21,1200,0,CASUAL,1,135.741828,0.11311819
40431,hulkbuster,17,71,72,0,72,BetterBot,regular,STANDARD,0,9/7/2022 12:46,CSW21,1200,0,RATED,1,189.33023,0.157775192
67611,hulkbuster,18,116,85,-15,100,hulkbuster,regular,STANDARD,0,9/15/2022 7:48,CSW21,1200,0,RATED,1,298.645411,0.248871176
25086,hulkbuster,17,25,62,-5,67,STEEBot,regular,STANDARD,0,8/9/2022 9:18,CSW21,1200,0,CASUAL,1,776.2959292,0.646913274
59970,hulkbuster,19,152,75,-70,145,hulkbuster,regular,STANDARD,0,9/21/2022 12:41,CSW21,1200,0,RATED,1,187.497241,0.156247701
22953,hulkbuster,15,147,80,0,80,hulkbuster,regular,STANDARD,0,9/14/2022 13:09,CSW21,1200,0,RATED,1,203.8664911,0.169888743
10002,hulkbuster,17,95,32,-30,62,hulkbuster,regular,STANDARD,0,8/26/2022 4:01,CSW21,1200,0,CASUAL,1,265.6781118,0.221398426
11919,hulkbuster,12,168,65,8,57,STEEBot,regular,STANDARD,0,8/14/2022 6:09,CSW21,1200,0,CASUAL,1,684.1399529,0.570116627
22818,hulkbuster,23,39,66,-34,100,hulkbuster,regular,STANDARD,0,9/4/2022 12:04,CSW21,1200,0,RATED,1,213.9217501,0.178268125
12541,kar2008,13,109,77,6,71,BetterBot,regular,STANDARD,0,8/8/2022 6:34,NWL20,1200,0,RATED,1,379.1756122,0.315979677
11092,kar2008,14,154,80,0,80,kar2008,regular,STANDARD,1,8/19/2022 23:05,NWL20,1200,0,RATED,1,859.6551251,0.716379271
20443,kar2008,12,140,73,14,59,BetterBot,regular,STANDARD,1,8/8/2022 8:03,NWL20,1200,0,RATED,1,270.875638,0.225729698
2785,kar2008,12,211,78,0,78,BetterBot,regular,STANDARD,0,8/1/2022 6:11,NWL20,1800,0,RATED,1,422.7177629,0.234843202
274,kar2008,14,193,96,0,96,kar2008,regular,STANDARD,1,8/17/2022 3:41,NWL20,1200,0,RATED,1,652.2763381,0.543563615
13360,kar2008,15,73,76,0,76,kar2008,regular,STANDARD,1,8/2/2022 0:35,NWL20,1800,0,RATED,1,738.634845,0.410352692
39352,kar2008,17,39,91,-82,173,BetterBot,regular,STANDARD,0,9/6/2022 5:05,NWL20,1200,0,RATED,1,682.1835852,0.568486321
66136,kar2008,15,194,79,0,79,kar2008,regular,STANDARD,1,9/9/2022 13:56,NWL20,1200,0,RATED,1,399.377142,0.332814285
54904,kar2008,15,91,102,0,102,BetterBot,regular,STANDARD,0,8/26/2022 23:50,NWL20,1200,0,RATED,1,657.7373941,0.548114495
15880,kar2008,15,176,83,0,83,kar2008,regular,STANDARD,1,8/15/2022 4:30,NWL20,1260,0,RATED,1,493.542382,0.391700303
52807,kar2008,16,68,76,-67,143,kar2008,regular,STANDARD,1,8/13/2022 6:14,NWL20,1200,0,RATED,1,427.542129,0.356285108
71887,kar2008,13,123,93,0,93,kar2008,regular,STANDARD,1,8/8/2022 5:45,NWL20,1200,0,RATED,1,374.1732929,0.311811077
10660,kar2008,11,148,68,0,68,HastyBot,regular,STANDARD,0,9/9/2022 14:30,NWL20,1200,0,RATED,1,400.7844939,0.333987078
50026,kar2008,14,173,94,10,84,BetterBot,regular,STANDARD,1,9/10/2022 17:16,NWL20,1200,0,RATED,1,666.891413,0.555742844
949,kar2008,13,207,76,0,76,BetterBot,regular,STANDARD,0,8/27/2022 0:17,NWL20,1200,0,RATED,1,516.937999,0.430781666
14575,kar2008,12,110,75,10,65,BetterBot,regular,STANDARD,1,9/6/2022 19:34,NWL20,1200,0,RATED,1,713.1176188,0.594264682
3874,kar2008,13,198,118,-66,184,BetterBot,regular,STANDARD,1,8/21/2022 4:23,NWL20,1200,0,RATED,1,529.3463728,0.441121977
55165,kar2008,19,61,77,0,77,BetterBot,regular,STANDARD,0,8/8/2022 5:51,NWL20,1200,0,RATED,1,417.577481,0.347981234
52015,kar2008,15,81,33,0,33,STEEBot,regular,STANDARD,0,9/9/2022 13:26,NWL20,1200,0,RATED,1,277.909848,0.23159154
58621,kar2008,15,107,74,5,69,kar2008,regular,STANDARD,1,7/30/2022 4:47,NWL20,1200,0,RATED,1,275.3554051,0.229462838
16357,kar2008,17,139,72,0,72,kar2008,regular,STANDARD,1,7/30/2022 6:57,NWL20,1200,0,RATED,1,351.0448642,0.292537387
56371,kar2008,13,175,80,0,80,BetterBot,regular,STANDARD,1,8/19/2022 5:47,NWL20,1200,0,RATED,1,344.928606,0.287440505
36841,kar2008,15,160,76,0,76,kar2008,regular,STANDARD,1,8/13/2022 19:10,NWL20,1080,0,RATED,1,413.981658,0.38331635
47047,kar2008,14,231,110,0,110,kar2008,regular,STANDARD,0,7/29/2022 21:49,NWL20,1200,0,RATED,1,463.6515679,0.386376307
35842,kar2008,12,221,97,9,88,STEEBot,regular,STANDARD,1,8/19/2022 8:01,NWL20,1200,0,RATED,1,316.7663178,0.263971932
193,kar2008,17,126,93,-93,186,kar2008,regular,STANDARD,1,8/10/2022 5:20,NWL20,1200,0,RATED,1,353.4159851,0.294513321
38470,kar2008,13,95,80,11,69,kar2008,regular,STANDARD,1,8/26/2022 4:40,NWL20,1200,0,RATED,1,685.7934198,0.571494517
41116,kar2008,13,222,107,0,107,HastyBot,regular,STANDARD,0,9/1/2022 5:51,NWL20,1200,0,RATED,1,356.685504,0.29723792
63472,kar2008,13,148,70,5,65,BetterBot,regular,STANDARD,1,9/4/2022 7:26,NWL20,1200,0,RATED,1,621.1557958,0.51762983
7852,kar2008,14,175,75,0,75,kar2008,regular,STANDARD,1,8/13/2022 4:05,NWL20,1200,0,RATED,1,691.6477411,0.576373118
40207,kar2008,14,89,92,0,92,BetterBot,regular,STANDARD,1,8/8/2022 5:39,NWL20,1200,0,RATED,1,317.386869,0.264489057
19237,kar2008,12,200,65,10,55,kar2008,regular,STANDARD,1,7/28/2022 9:51,NWL20,1200,0,RATED,1,227.7389309,0.189782442
20821,kar2008,16,94,84,0,84,kar2008,regular,STANDARD,0,8/13/2022 5:10,NWL20,1200,0,RATED,1,674.594425,0.562162021
30946,kar2008,13,173,78,9,69,BetterBot,regular,STANDARD,1,8/22/2022 4:54,NWL20,1200,0,RATED,1,403.772969,0.336477474
42763,kar2008,12,152,90,0,90,BetterBot,regular,STANDARD,1,9/1/2022 21:02,NWL20,1200,0,RATED,1,798.836724,0.66569727
32728,kar2008,13,157,83,4,79,kar2008,regular,STANDARD,1,8/23/2022 20:56,NWL20,1200,0,RATED,1,673.9126468,0.561593872
46372,kar2008,15,93,75,0,75,BetterBot,regular,STANDARD,0,9/6/2022 18:59,NWL20,1200,0,RATED,1,642.5195072,0.535432923
50755,kar2008,12,218,86,0,86,kar2008,regular,STANDARD,1,8/8/2022 22:48,NWL20,1200,0,RATED,1,312.6999991,0.260583333
25879,kar2008,14,57,76,4,72,kar2008,regular,STANDARD,1,8/13/2022 5:52,NWL20,1200,0,RATED,1,262.8975859,0.219081322
15070,kar2008,17,161,104,0,104,kar2008,regular,STANDARD,1,8/9/2022 22:32,NWL20,1200,0,RATED,1,378.835258,0.315696048
53257,kar2008,14,99,84,0,84,HastyBot,regular,STANDARD,0,9/10/2022 3:38,NWL20,1200,0,RATED,1,700.8759539,0.584063295
40045,kar2008,14,154,84,-77,161,STEEBot,regular,STANDARD,0,9/10/2022 4:46,NWL20,1200,0,RATED,1,419.386411,0.349488676
30775,kar2008,13,136,89,0,89,BetterBot,regular,STANDARD,0,9/1/2022 19:37,NWL20,1200,0,RATED,1,706.602284,0.588835237
24871,kar2008,12,66,95,-95,190,STEEBot,regular,STANDARD,0,8/13/2022 22:54,NWL20,1200,0,RATED,1,386.660913,0.322217427
55498,kar2008,14,102,78,0,78,BetterBot,regular,STANDARD,1,9/8/2022 3:45,NWL20,1200,0,RATED,1,815.6877151,0.679739763
16708,kar2008,13,120,72,7,65,BetterBot,regular,STANDARD,0,8/25/2022 23:59,NWL20,1200,0,RATED,1,751.7518041,0.626459837
22225,kar2008,16,165,102,0,102,BetterBot,regular,STANDARD,0,8/8/2022 7:09,NWL20,1200,0,RATED,1,412.8506298,0.344042192
29335,kar2008,14,148,94,0,94,BetterBot,regular,STANDARD,1,7/30/2022 6:51,NWL20,1200,0,RATED,1,388.602962,0.323835802
61429,kar2008,11,153,82,9,73,HastyBot,regular,STANDARD,0,8/30/2022 15:57,NWL20,1200,0,RATED,1,404.6820359,0.33723503
26023,kar2008,14,215,79,7,72,BetterBot,regular,STANDARD,1,8/10/2022 22:14,NWL20,1200,0,RATED,1,836.396863,0.696997386
21055,kar2008,17,58,91,0,91,kar2008,regular,STANDARD,1,8/19/2022 7:35,NWL20,1200,0,RATED,1,354.5169721,0.29543081
44509,kar2008,14,152,80,0,80,BetterBot,regular,STANDARD,1,8/15/2022 22:11,NWL20,1140,0,RATED,1,552.9480121,0.485042116
20074,kar2008,14,145,63,8,55,BetterBot,regular,STANDARD,0,8/13/2022 21:13,NWL20,1200,0,RATED,1,465.6263471,0.388021956
7276,kar2008,15,144,88,0,88,HastyBot,regular,STANDARD,1,9/8/2022 3:33,NWL20,1200,0,RATED,1,544.522114,0.453768428
11119,kar2008,14,149,80,13,67,BetterBot,regular,STANDARD,1,8/10/2022 22:03,NWL20,1200,0,RATED,1,344.9763789,0.287480316
71302,kar2008,12,223,73,10,63,kar2008,regular,STANDARD,0,7/30/2022 2:57,NWL20,1200,0,RATED,1,315.0286782,0.262523898
49585,kar2008,16,43,95,0,95,BetterBot,regular,STANDARD,1,9/5/2022 5:09,NWL20,1200,0,RATED,1,476.624213,0.397186844
70393,kar2008,12,191,80,4,76,BetterBot,regular,STANDARD,0,8/7/2022 18:56,NWL20,1200,0,RATED,1,553.023524,0.460852937
4405,kar2008,20,72,76,-76,152,kar2008,regular,STANDARD,1,8/14/2022 16:49,NWL20,1200,0,RATED,1,646.5596728,0.538799727
30127,kar2008,11,180,67,8,59,kar2008,regular,STANDARD,1,9/5/2022 4:55,NWL20,1200,0,RATED,1,741.506917,0.617922431
43359,marvin,11,72,100,-10,110,STEEBot,ultrablitz,TIME,0,8/21/2022 19:51,CSW21,60,0,RATED,1,121.7465999,2.029109999
35889,marvin,11,144,76,-10,86,marvin,ultrablitz,TIME,0,9/9/2022 18:20,CSW21,60,0,RATED,1,120.492878,2.008214633
65562,marvin,14,101,86,-10,96,marvin,ultrablitz,STANDARD,1,8/20/2022 7:47,CSW21,60,0,RATED,1,117.6159151,1.960265251
25287,marvin,12,50,44,-10,54,STEEBot,ultrablitz,TIME,0,9/16/2022 2:50,CSW21,60,0,RATED,1,120.7141731,2.011902885
24378,marvin,12,93,74,-10,84,STEEBot,ultrablitz,STANDARD,1,9/22/2022 14:18,CSW21,60,0,RATED,1,119.406929,1.990115484
10608,marvin,11,94,82,-10,92,STEEBot,ultrablitz,TIME,0,9/12/2022 19:17,CSW21,60,0,RATED,1,120.538512,2.0089752
1005,marvin,12,75,74,-10,84,STEEBot,ultrablitz,STANDARD,0,9/8/2022 13:41,CSW21,60,0,RATED,1,100.560061,1.676001016
50046,marvin,11,74,77,-10,87,marvin,ultrablitz,TIME,0,9/4/2022 2:53,CSW21,60,0,RATED,1,120.590266,2.009837766
48624,marvin,11,148,77,-10,87,marvin,ultrablitz,TIME,0,7/27/2022 13:30,CSW21,60,0,RATED,1,121.024051,2.017067516
62025,marvin,13,67,80,-10,90,marvin,ultrablitz,TIME,0,9/16/2022 14:05,CSW21,60,0,RATED,1,121.630126,2.027168767
72051,marvin,13,100,81,-10,91,marvin,ultrablitz,TIME,0,9/14/2022 16:28,CSW21,60,0,RATED,1,120.5142379,2.008570631
24747,marvin,14,23,68,-10,78,STEEBot,ultrablitz,STANDARD,0,9/3/2022 4:51,CSW21,60,0,RATED,1,118.587743,1.976462384
12723,marvin,16,-10,83,-10,93,marvin,ultrablitz,TIME,0,9/13/2022 14:01,CSW21,60,0,RATED,1,120.5403831,2.009006385
11895,marvin,14,55,48,-10,58,marvin,ultrablitz,STANDARD,0,7/27/2022 19:37,CSW21,60,0,RATED,1,112.6785319,1.877975531
43512,marvin,14,22,87,-10,97,STEEBot,ultrablitz,STANDARD,1,7/29/2022 14:21,CSW21,60,0,RATED,1,118.4769681,1.974616134
49758,marvin,12,215,117,-10,127,STEEBot,ultrablitz,STANDARD,1,9/18/2022 1:25,CSW21,60,0,RATED,1,102.7512619,1.712521032
65193,marvin,14,117,71,0,71,HastyBot,blitz,STANDARD,0,9/19/2022 15:08,CSW21,240,0,RATED,1,232.283637,0.967848488
56976,marvin,16,44,66,-10,76,STEEBot,ultrablitz,STANDARD,0,9/12/2022 17:40,CSW21,60,0,RATED,1,120.15925,2.002654167
15585,marvin,12,137,77,-10,87,marvin,ultrablitz,STANDARD,1,9/22/2022 14:09,CSW21,60,0,RATED,1,110.8583269,1.847638782
41766,marvin,14,170,92,-10,102,marvin,ultrablitz,STANDARD,1,9/8/2022 17:18,CSW21,60,0,RATED,1,104.8631029,1.747718382
40056,marvin,14,120,79,-10,89,STEEBot,ultrablitz,STANDARD,0,9/13/2022 23:55,CSW21,60,0,RATED,1,115.3675079,1.922791799
35925,marvin,12,97,53,-10,63,STEEBot,ultrablitz,STANDARD,0,9/4/2022 13:20,CSW21,60,0,RATED,1,104.8452401,1.747420669
70359,marvin,14,54,71,-10,81,STEEBot,ultrablitz,STANDARD,0,9/21/2022 17:43,CSW21,60,0,RATED,1,114.703027,1.911717117
49245,marvin,14,78,80,-10,90,STEEBot,ultrablitz,STANDARD,0,9/8/2022 20:15,CSW21,60,0,RATED,1,116.146883,1.935781384
16647,marvin,14,24,79,-10,89,STEEBot,ultrablitz,STANDARD,1,9/12/2022 4:45,CSW21,60,0,RATED,1,116.1553149,1.935921915
63033,marvin,14,72,140,-10,150,marvin,ultrablitz,STANDARD,1,7/29/2022 16:27,CSW21,60,0,RATED,1,106.758508,1.779308466
55842,marvin,13,58,92,-10,102,marvin,ultrablitz,TIME,0,7/29/2022 1:15,CSW21,60,0,RATED,1,120.732219,2.01220365
37203,marvin,13,91,78,-10,88,marvin,ultrablitz,TIME,0,9/12/2022 13:50,CSW21,60,0,RATED,1,120.489619,2.008160317
27780,marvin,12,201,131,-10,141,STEEBot,ultrablitz,STANDARD,0,9/1/2022 17:56,CSW21,60,0,RATED,1,112.2937801,1.871563001
50622,marvin,13,44,96,-10,106,marvin,ultrablitz,TIME,0,7/29/2022 2:47,CSW21,60,0,RATED,1,120.674984,2.011249733
12705,marvin,11,59,76,-10,86,STEEBot,ultrablitz,TIME,0,9/14/2022 22:10,CSW21,60,0,RATED,1,120.8865359,2.014775598
60531,marvin,13,97,65,-10,75,marvin,ultrablitz,TIME,0,9/8/2022 20:13,CSW21,60,0,RATED,1,120.4575989,2.007626649
51468,marvin,12,131,97,-10,107,STEEBot,ultrablitz,STANDARD,0,9/13/2022 14:07,CSW21,60,0,RATED,1,119.0956159,1.984926931
62853,marvin,14,18,90,-10,100,STEEBot,ultrablitz,STANDARD,0,9/16/2022 2:46,CSW21,60,0,RATED,1,98.68970704,1.644828451
40083,marvin,13,146,77,4,73,marvin,blitz,STANDARD,0,9/4/2022 21:16,CSW21,240,0,RATED,1,233.2639852,0.971933271
12156,marvin,11,102,90,-10,100,STEEBot,ultrablitz,STANDARD,1,8/30/2022 21:26,CSW21,60,0,RATED,1,107.2994599,1.788324332
71061,marvin,13,204,85,-10,95,STEEBot,ultrablitz,STANDARD,1,9/18/2022 1:29,CSW21,60,0,RATED,1,113.567507,1.892791784
3525,marvin,12,220,86,-10,96,STEEBot,ultrablitz,STANDARD,0,8/24/2022 18:42,CSW21,60,0,RATED,1,113.3540502,1.889234169
39066,marvin,12,48,94,-10,104,marvin,ultrablitz,STANDARD,1,9/19/2022 13:23,CSW21,60,0,RATED,1,113.3307331,1.888845551
4830,marvin,14,61,65,-10,75,STEEBot,ultrablitz,STANDARD,0,8/19/2022 21:11,CSW21,60,0,RATED,1,119.6059878,1.99343313
48138,marvin,13,67,78,-10,88,marvin,ultrablitz,STANDARD,0,9/6/2022 16:57,CSW21,60,0,RATED,1,99.33056307,1.655509384
57417,marvin,13,49,84,-10,94,marvin,ultrablitz,STANDARD,0,9/6/2022 20:03,CSW21,60,0,RATED,1,116.7808769,1.946347948
50478,marvin,13,29,77,-10,87,marvin,ultrablitz,STANDARD,0,9/7/2022 18:01,CSW21,60,0,RATED,1,118.1760628,1.969601047
21066,marvin,11,178,72,-10,82,marvin,ultrablitz,TIME,0,9/7/2022 13:41,CSW21,60,0,RATED,1,120.626451,2.01044085
30750,marvin,11,54,36,-10,46,STEEBot,ultrablitz,TIME,0,8/16/2022 9:02,CSW21,60,0,RATED,1,122.158839,2.03598065
38913,marvin,13,113,88,-10,98,marvin,ultrablitz,STANDARD,1,9/12/2022 4:35,CSW21,60,0,RATED,1,109.134413,1.818906883
71448,marvin,17,-16,80,-10,90,marvin,ultrablitz,CONSECUTIVE_ZEROES,0,9/9/2022 20:20,CSW21,60,0,RATED,1,118.826726,1.980445433
7602,marvin,12,164,89,-10,99,STEEBot,ultrablitz,TIME,0,7/29/2022 1:01,CSW21,60,0,RATED,1,120.6739099,2.011231832
59523,marvin,13,36,88,-10,98,STEEBot,ultrablitz,STANDARD,0,9/6/2022 19:57,CSW21,60,0,RATED,1,118.869343,1.981155717
35736,marvin,14,23,76,-10,86,marvin,ultrablitz,STANDARD,1,9/18/2022 5:31,CSW21,60,0,RATED,1,115.545661,1.925761016
10716,marvin,13,99,77,-10,87,marvin,ultrablitz,STANDARD,0,9/15/2022 16:47,CSW21,60,0,RATED,1,117.685868,1.961431134
30453,marvin,13,80,78,-10,88,marvin,ultrablitz,STANDARD,0,7/28/2022 13:23,CSW21,60,0,RATED,1,119.3950639,1.989917731
906,marvin,12,111,104,8,96,marvin,blitz,STANDARD,0,9/9/2022 1:46,CSW21,240,0,RATED,1,171.849056,0.716037733
29841,marvin,14,168,73,10,63,marvin,blitz,STANDARD,0,9/3/2022 15:04,CSW21,240,0,RATED,1,220.7882481,0.919951034
58560,marvin,12,150,72,-10,82,marvin,ultrablitz,TIME,0,7/29/2022 14:23,CSW21,60,0,RATED,1,120.717129,2.01195215
28356,marvin,13,89,77,-10,87,marvin,ultrablitz,TIME,0,9/8/2022 17:25,CSW21,60,0,RATED,1,120.4735298,2.007892164
45897,marvin,12,48,33,-10,43,marvin,ultrablitz,TIME,0,9/1/2022 14:26,CSW21,60,0,RATED,1,120.8355241,2.013925401
30876,marvin,15,4,86,-10,96,STEEBot,ultrablitz,STANDARD,0,9/20/2022 13:28,CSW21,60,0,RATED,1,119.7201388,1.995335646
56184,marvin,13,70,76,-10,86,marvin,ultrablitz,STANDARD,0,9/21/2022 3:10,CSW21,60,0,RATED,1,115.9051342,1.931752237
19122,marvin,13,39,88,-10,98,STEEBot,ultrablitz,TIME,0,9/23/2022 13:45,CSW21,60,0,RATED,1,120.545258,2.009087634
58699,pandorable,15,67,36,5,31,pandorable,blitz,STANDARD,0,8/13/2022 22:30,CSW21,300,0,RATED,1,89.28363109,0.297612104
48169,pandorable,17,94,33,4,29,pandorable,blitz,STANDARD,0,8/8/2022 1:18,CSW21,300,0,RATED,1,137.401835,0.458006117
66574,pandorable,14,114,30,6,24,BetterBot,blitz,STANDARD,0,8/8/2022 0:35,CSW21,300,0,RATED,1,118.95524,0.396517467
15220,pandorable,16,54,48,4,44,pandorable,blitz,STANDARD,0,9/8/2022 4:59,CSW21,300,0,RATED,1,146.461772,0.488205907
31699,pandorable,15,159,69,9,60,pandorable,blitz,STANDARD,1,9/18/2022 23:27,CSW21,300,0,RATED,1,73.69027901,0.245634263
17173,pandorable,13,56,66,-10,76,pandorable,blitz,TIME,0,9/8/2022 0:38,CSW21,300,0,RATED,1,369.085115,1.230283717
43921,pandorable,13,93,77,8,69,BetterBot,blitz,STANDARD,0,8/20/2022 4:48,CSW21,300,0,RATED,1,145.2847559,0.48428252
39187,pandorable,16,140,43,6,37,pandorable,blitz,STANDARD,0,8/14/2022 1:06,CSW21,300,0,RATED,1,104.478003,0.34826001
5572,pandorable,16,60,42,7,35,BetterBot,blitz,STANDARD,0,8/28/2022 1:24,CSW21,300,0,RATED,1,88.41835785,0.294727859
22546,pandorable,16,96,70,2,68,pandorable,blitz,STANDARD,0,8/6/2022 23:16,CSW21,300,0,RATED,1,138.023272,0.460077573
9739,pandorable,15,119,87,9,78,BetterBot,blitz,STANDARD,1,8/8/2022 2:45,CSW21,300,0,RATED,1,129.33654,0.4311218
19540,pandorable,16,77,46,2,44,BetterBot,blitz,STANDARD,0,8/8/2022 4:39,CSW21,300,0,RATED,1,93.11038709,0.310367957
51796,pandorable,15,92,77,4,73,BetterBot,blitz,STANDARD,1,8/25/2022 4:14,CSW21,300,0,RATED,1,238.2764959,0.794254986
70948,pandorable,16,118,63,5,58,BetterBot,blitz,STANDARD,0,9/12/2022 5:21,CSW21,300,0,RATED,1,157.7993259,0.525997753
24643,pandorable,16,74,113,5,108,pandorable,blitz,STANDARD,1,8/20/2022 20:51,CSW21,300,0,RATED,1,251.684948,0.838949827
33535,pandorable,15,97,40,8,32,pandorable,blitz,STANDARD,0,9/8/2022 4:27,CSW21,300,0,RATED,1,145.6576722,0.485525574
67384,pandorable,11,186,74,12,62,BetterBot,blitz,STANDARD,0,8/14/2022 1:15,CSW21,300,0,RATED,1,128.0795729,0.42693191
61318,pandorable,14,130,69,5,64,BetterBot,blitz,STANDARD,0,8/4/2022 3:52,CSW21,300,0,RATED,1,285.6057711,0.952019237
47548,pandorable,15,113,44,6,38,BetterBot,blitz,STANDARD,0,8/8/2022 0:21,CSW21,300,0,RATED,1,114.4058721,0.381352907
14959,pandorable,15,68,83,4,79,BetterBot,blitz,STANDARD,0,8/28/2022 5:28,CSW21,300,0,RATED,1,170.521956,0.56840652
37135,pandorable,14,97,39,4,35,BetterBot,blitz,STANDARD,0,8/5/2022 3:10,CSW21,300,0,RATED,1,97.06860113,0.323562004
25012,pandorable,13,101,38,6,32,pandorable,blitz,STANDARD,0,8/14/2022 1:17,CSW21,300,0,RATED,1,90.21182704,0.30070609
36865,pandorable,15,87,51,10,41,pandorable,blitz,STANDARD,0,8/14/2022 4:28,CSW21,300,0,RATED,1,98.64975214,0.328832507
18505,pandorable,15,67,66,-10,76,BetterBot,blitz,STANDARD,0,8/2/2022 23:59,NWL20,180,0,RATED,1,191.844691,1.065803839
68626,pandorable,14,124,34,5,29,pandorable,blitz,STANDARD,0,8/18/2022 3:33,CSW21,300,0,RATED,1,209.778533,0.699261777
22420,pandorable,16,104,52,6,46,pandorable,blitz,STANDARD,0,8/17/2022 5:50,CSW21,300,0,RATED,1,150.1602011,0.500534004
70489,pandorable,13,63,58,8,50,pandorable,blitz,STANDARD,0,8/2/2022 23:48,NWL20,180,0,RATED,1,92.4805479,0.513780822
18325,pandorable,12,117,79,6,73,BetterBot,blitz,STANDARD,0,8/5/2022 2:06,CSW21,300,0,RATED,1,116.9298561,0.389766187
40672,pandorable,14,120,81,8,73,pandorable,blitz,STANDARD,0,8/7/2022 6:09,CSW21,300,0,RATED,1,136.649754,0.45549918
45928,pandorable,14,100,83,11,72,pandorable,blitz,STANDARD,1,8/11/2022 5:15,CSW21,300,0,RATED,1,168.960252,0.56320084
55504,pandorable,17,91,70,8,62,pandorable,blitz,STANDARD,0,8/13/2022 4:30,CSW21,300,0,RATED,1,145.215704,0.484052347
5410,pandorable,14,105,80,8,72,pandorable,blitz,STANDARD,1,8/6/2022 19:03,CSW21,300,0,RATED,1,145.8438921,0.486146307
11089,pandorable,13,117,61,10,51,BetterBot,blitz,STANDARD,0,8/28/2022 1:11,CSW21,300,0,RATED,1,110.207756,0.367359187
59005,pandorable,17,86,42,2,40,pandorable,blitz,STANDARD,0,9/9/2022 4:23,CSW21,300,0,RATED,1,120.193265,0.400644217
2917,pandorable,14,73,52,7,45,BetterBot,blitz,STANDARD,0,8/7/2022 23:29,CSW21,300,0,RATED,1,113.5902369,0.378634123
15787,pandorable,16,78,55,4,51,BetterBot,blitz,STANDARD,0,9/18/2022 23:52,CSW21,300,0,RATED,1,158.3537922,0.527845974
24346,pandorable,17,56,42,2,40,BetterBot,blitz,STANDARD,0,8/18/2022 4:30,CSW21,300,0,RATED,1,110.77022,0.369234067
22024,pandorable,16,129,75,0,75,pandorable,blitz,STANDARD,1,9/18/2022 22:42,CSW21,300,0,RATED,1,162.9989729,0.54332991
51886,pandorable,15,94,140,4,136,BetterBot,blitz,STANDARD,0,9/5/2022 4:43,CSW21,300,0,RATED,1,170.6955352,0.568985117
66421,pandorable,14,102,66,12,54,pandorable,blitz,STANDARD,1,8/13/2022 21:22,CSW21,300,0,RATED,1,79.63486695,0.265449557
28792,pandorable,13,95,65,10,55,BetterBot,blitz,STANDARD,0,9/7/2022 1:34,CSW21,300,0,RATED,1,111.2810411,0.370936804
47143,pandorable,17,56,78,2,76,pandorable,blitz,STANDARD,0,8/7/2022 5:11,CSW21,300,0,RATED,1,101.008858,0.336696193
52660,pandorable,19,-10,54,-10,64,BetterBot,blitz,CONSECUTIVE_ZEROES,0,8/6/2022 5:13,CSW21,300,0,RATED,1,163.90487,0.546349567
3034,pandorable,13,134,83,9,74,BetterBot,blitz,STANDARD,1,8/28/2022 15:58,CSW21,300,0,RATED,1,119.207284,0.397357613
27298,pandorable,15,113,44,3,41,BetterBot,blitz,STANDARD,0,8/3/2022 5:47,NWL20,300,0,RATED,1,116.4600959,0.38820032
62758,pandorable,16,58,48,3,45,pandorable,blitz,STANDARD,1,9/12/2022 5:03,CSW21,300,0,RATED,1,162.622417,0.542074723
14914,pandorable,17,62,62,2,60,BetterBot,blitz,STANDARD,0,8/20/2022 22:43,CSW21,300,0,RATED,1,130.580708,0.435269027
16237,pandorable,16,72,74,4,70,BetterBot,blitz,STANDARD,0,8/13/2022 21:41,CSW21,300,0,RATED,1,102.2457619,0.340819206
19108,pandorable,12,77,39,5,34,BetterBot,blitz,STANDARD,0,8/6/2022 4:21,CSW21,300,0,RATED,1,165.699949,0.552333163
21277,pandorable,13,85,64,0,64,pandorable,blitz,STANDARD,0,8/18/2022 3:49,CSW21,300,0,RATED,1,123.1007831,0.410335944
4411,pandorable,16,51,69,6,63,pandorable,blitz,STANDARD,0,8/7/2022 4:06,CSW21,300,0,RATED,1,152.788954,0.509296513
70543,pandorable,15,71,70,2,68,BetterBot,blitz,STANDARD,1,9/7/2022 2:56,CSW21,300,0,RATED,1,144.320087,0.481066957
8659,pandorable,12,127,40,12,28,BetterBot,blitz,STANDARD,0,8/4/2022 3:21,CSW21,300,0,RATED,1,158.734483,0.529114943
52498,pandorable,15,57,76,6,70,pandorable,blitz,STANDARD,0,8/7/2022 22:31,CSW21,300,0,RATED,1,113.8536551,0.379512184
43327,pandorable,13,171,75,8,67,BetterBot,blitz,STANDARD,1,9/5/2022 5:17,CSW21,300,0,RATED,1,173.5410328,0.578470109
19648,pandorable,14,164,80,3,77,BetterBot,blitz,STANDARD,0,9/12/2022 5:12,CSW21,300,0,RATED,1,170.5180099,0.568393366
61858,pandorable,17,59,46,2,44,BetterBot,blitz,STANDARD,0,9/8/2022 4:29,CSW21,300,0,RATED,1,117.7789202,0.392596401
4114,pandorable,16,60,64,2,62,BetterBot,blitz,STANDARD,0,8/7/2022 22:18,CSW21,300,0,RATED,1,111.5651112,0.371883704
27397,pandorable,13,106,78,13,65,pandorable,blitz,STANDARD,1,9/12/2022 5:58,CSW21,300,0,RATED,1,98.77999783,0.329266659
53218,pandorable,13,92,34,5,29,BetterBot,blitz,STANDARD,0,8/7/2022 5:49,CSW21,300,0,RATED,1,123.461803,0.411539343
39146,Rexington,12,141,50,-10,60,STEEBot,regular,TIME,0,8/22/2022 20:33,CSW21,1200,0,RATED,1,1269.180822,1.057650685
12578,Rexington,12,145,82,9,73,STEEBot,regular,STANDARD,1,8/4/2022 14:08,CSW21,1200,0,RATED,1,765.3842719,0.637820227
23585,Rexington,14,78,81,2,79,STEEBot,regular,STANDARD,1,8/4/2022 1:18,CSW21,1200,0,RATED,1,642.8998649,0.535749887
20588,Rexington,11,93,80,-10,90,Rexington,regular,TIME,0,8/1/2022 19:54,CSW21,1200,0,RATED,1,1266.163563,1.055136302
69827,Rexington,13,194,80,0,80,Rexington,regular,STANDARD,1,8/31/2022 15:24,CSW21,1200,0,RATED,1,490.9437001,0.40911975
60854,Rexington,11,175,87,0,87,STEEBot,regular,RESIGNED,0,7/27/2022 15:32,CSW21,1200,0,RATED,1,588.459245,0.490382704
2714,Rexington,12,141,74,8,66,STEEBot,regular,STANDARD,1,9/17/2022 18:38,CSW21,1200,0,RATED,1,439.6496482,0.366374707
42998,Rexington,11,162,65,14,51,STEEBot,regular,STANDARD,0,9/19/2022 3:05,CSW21,1200,0,RATED,1,404.9540479,0.337461707
18599,Rexington,12,184,92,10,82,Rexington,regular,STANDARD,0,8/19/2022 6:10,CSW21,1200,0,RATED,1,693.425885,0.577854904
47768,Rexington,13,151,86,6,80,Rexington,regular,STANDARD,0,8/18/2022 18:51,CSW21,1200,0,RATED,1,537.962606,0.448302172
45077,Rexington,15,160,86,3,83,Rexington,regular,STANDARD,1,8/3/2022 3:18,CSW21,1200,0,RATED,1,415.795759,0.346496466
34916,Rexington,12,124,72,-10,82,STEEBot,regular,TIME,0,9/2/2022 12:39,CSW21,1200,0,RATED,1,1263.09221,1.052576842
35384,Rexington,11,187,76,12,64,Rexington,regular,STANDARD,1,9/10/2022 5:27,CSW21,1200,0,RATED,1,442.104193,0.368420161
65327,Rexington,14,118,72,2,70,Rexington,regular,STANDARD,1,9/16/2022 18:43,CSW21,1200,0,RATED,1,445.199877,0.370999898
53690,Rexington,12,135,76,8,68,STEEBot,regular,STANDARD,0,9/18/2022 17:15,CSW21,1200,0,RATED,1,718.5146821,0.598762235
72293,Rexington,13,189,92,6,86,Rexington,regular,STANDARD,1,8/30/2022 3:28,CSW21,1200,0,RATED,1,562.1128011,0.468427334
36887,Rexington,14,86,80,6,74,Rexington,regular,STANDARD,0,9/18/2022 18:33,CSW21,1200,0,RATED,1,530.652956,0.442210797
54257,Rexington,12,173,77,6,71,STEEBot,regular,STANDARD,0,8/21/2022 6:11,CSW21,1200,0,RATED,1,587.4976051,0.489581338
53618,Rexington,14,131,81,6,75,STEEBot,regular,STANDARD,1,9/18/2022 18:22,CSW21,1200,0,RATED,1,688.713733,0.573928111
38156,Rexington,12,195,80,10,70,Rexington,regular,STANDARD,1,9/12/2022 10:37,CSW21,1200,0,RATED,1,268.5111282,0.223759273
25268,Rexington,11,76,131,12,119,Rexington,regular,STANDARD,0,7/27/2022 16:35,CSW21,1200,0,RATED,1,514.232362,0.428526968
30722,Rexington,12,224,88,6,82,Rexington,regular,STANDARD,1,8/19/2022 4:38,CSW21,1200,0,RATED,1,367.941227,0.306617689
70340,Rexington,13,48,72,-10,82,STEEBot,regular,STANDARD,0,8/18/2022 19:00,CSW21,1200,0,RATED,1,1225.256267,1.021046889
7124,Rexington,12,88,80,-10,90,STEEBot,regular,TIME,0,8/25/2022 16:28,CSW21,1200,0,RATED,1,1265.240242,1.054366868
46670,Rexington,13,207,82,8,74,STEEBot,regular,STANDARD,1,7/27/2022 12:46,CSW21,1200,0,RATED,1,594.8490601,0.49570755
59108,Rexington,13,169,110,5,105,Rexington,regular,STANDARD,1,9/17/2022 17:56,CSW21,1200,0,RATED,1,700.6752741,0.583896062
35285,Rexington,12,194,83,13,70,Rexington,regular,STANDARD,1,9/7/2022 15:44,CSW21,1200,0,RATED,1,419.728519,0.349773766
45149,Rexington,13,237,84,10,74,Rexington,regular,STANDARD,1,7/29/2022 3:23,CSW21,1200,0,RATED,1,710.672303,0.592226919
13766,Rexington,15,67,64,2,62,STEEBot,regular,STANDARD,1,7/28/2022 11:24,CSW21,1200,0,RATED,1,1189.301288,0.991084407
20165,Rexington,13,147,72,4,68,Rexington,regular,STANDARD,0,8/7/2022 20:57,CSW21,1200,0,RATED,1,475.0421119,0.395868427
57812,Rexington,12,119,97,14,83,STEEBot,regular,STANDARD,1,9/12/2022 3:59,CSW21,1200,0,RATED,1,680.6572258,0.567214355
58856,Rexington,13,91,84,8,76,Rexington,regular,STANDARD,1,8/4/2022 14:00,CSW21,1200,0,RATED,1,476.8793669,0.397399472
4208,Rexington,10,185,74,17,57,STEEBot,regular,STANDARD,0,8/31/2022 10:09,CSW21,1200,0,RATED,1,636.4135771,0.530344648
9959,Rexington,13,113,65,2,63,STEEBot,regular,STANDARD,1,7/29/2022 7:30,CSW21,1200,0,RATED,1,339.8848472,0.283237373
2084,Rexington,12,89,70,-10,80,STEEBot,regular,TIME,0,7/31/2022 18:46,CSW21,1200,0,RATED,1,1269.554863,1.057962386
68432,Rexington,11,134,64,-10,74,STEEBot,regular,TIME,0,8/1/2022 12:56,CSW21,1200,0,RATED,1,1271.864577,1.059887148
18815,Rexington,12,168,131,0,131,Rexington,regular,STANDARD,1,9/20/2022 15:29,CSW21,1200,0,RATED,1,682.6196029,0.568849669
43313,Rexington,12,117,110,16,94,Rexington,regular,STANDARD,1,9/14/2022 14:36,CSW21,1200,0,RATED,1,527.4257081,0.439521423
60764,Rexington,13,112,78,0,78,STEEBot,regular,STANDARD,1,9/19/2022 11:26,CSW21,1200,0,RATED,1,475.419939,0.396183283
27743,Rexington,11,309,107,21,86,STEEBot,regular,STANDARD,1,8/20/2022 17:15,CSW21,1200,0,RATED,1,447.4942131,0.372911844
38777,Rexington,13,126,83,0,83,STEEBot,regular,STANDARD,0,8/3/2022 3:47,CSW21,1200,0,RATED,1,372.010802,0.310009002
37652,Rexington,12,172,94,8,86,STEEBot,regular,STANDARD,0,7/29/2022 23:22,CSW21,1200,0,RATED,1,269.707648,0.224756373
39380,Rexington,13,137,69,7,62,Rexington,regular,STANDARD,1,8/3/2022 3:40,CSW21,1200,0,RATED,1,393.6239479,0.328019957
46994,Rexington,13,199,86,0,86,Rexington,regular,STANDARD,1,7/27/2022 18:43,CSW21,1200,0,RATED,1,837.061414,0.697551178
185,Rexington,11,133,77,15,62,Rexington,regular,STANDARD,0,7/27/2022 13:30,CSW21,1200,0,RATED,1,557.3222289,0.464435191
37913,Rexington,11,209,78,8,70,STEEBot,regular,STANDARD,1,9/4/2022 12:28,CSW21,1200,0,RATED,1,339.5048878,0.28292074
44357,Rexington,13,197,82,9,73,Rexington,regular,STANDARD,1,9/20/2022 14:15,CSW21,1200,0,RATED,1,1072.03323,0.893361025
29345,Rexington,13,144,65,12,53,STEEBot,regular,STANDARD,0,7/27/2022 16:48,CSW21,1200,0,RATED,1,407.1964419,0.339330368
61025,Rexington,11,213,75,18,57,Rexington,regular,STANDARD,1,8/13/2022 16:14,CSW21,1200,0,RATED,1,493.3790619,0.411149218
15683,Rexington,13,107,89,2,87,STEEBot,regular,STANDARD,1,8/8/2022 12:54,CSW21,1200,0,RATED,1,909.2874408,0.757739534
11138,Rexington,12,206,79,14,65,Rexington,regular,STANDARD,1,9/12/2022 12:59,CSW21,1200,0,RATED,1,408.8461819,0.340705152
32810,Rexington,12,162,69,7,62,Rexington,regular,STANDARD,1,8/24/2022 10:42,CSW21,1200,0,RATED,1,810.4467368,0.675372281
2876,Rexington,10,176,92,25,67,STEEBot,regular,STANDARD,1,9/14/2022 7:38,CSW21,1200,0,RATED,1,444.3812299,0.370317692
59315,Rexington,11,118,74,-10,84,Rexington,regular,TIME,0,8/21/2022 16:29,CSW21,1200,0,RATED,1,1263.779083,1.053149236
62267,Rexington,11,179,72,24,48,STEEBot,regular,STANDARD,1,9/12/2022 3:37,CSW21,1200,0,RATED,1,551.3200581,0.459433382
69998,Rexington,12,203,87,18,69,STEEBot,regular,STANDARD,1,8/8/2022 11:24,CSW21,1200,0,RATED,1,1024.574966,0.853812472
55985,Rexington,11,135,82,18,64,STEEBot,regular,STANDARD,0,9/13/2022 7:52,CSW21,1200,0,RATED,1,575.864536,0.479887113
9752,Rexington,12,154,62,-10,72,STEEBot,regular,TIME,0,8/14/2022 8:13,CSW21,1200,0,RATED,1,1264.14422,1.053453517
38813,Rexington,14,162,88,4,84,Rexington,regular,STANDARD,1,8/20/2022 17:08,CSW21,1200,0,RATED,1,421.974679,0.351645566
21074,Rexington,11,132,51,-10,61,STEEBot,regular,TIME,0,8/8/2022 14:38,CSW21,1200,0,RATED,1,1271.573791,1.059644826
